ID,Taxon,Family,OvS,OvL,PuL,Vol_min,Vol_max,AnA,WIn,WiV,HPS,TrC,HSI,HPT,HPG,HPP,HPA,LEv,HPSi,ELT,ELL,ELA,FMo_Min,FMo_Max,FMo_Average,FFM,LFM,ADF,ADR,MLT,MLL,BaT,BaS
1,Iphiclides_podalirius,Papilionidae,P,SbTr,Sl,1,3,N,0.118,0.076,1,3,0.105,Wp,SbTr,Le,Ol,GlFl,NA,Se,Sb,NA,4,8,6,3,10,HfSfAn,ThSbTcExHnHf,PtLe,ShThSbNsHt,Da,BeThSb
2,Iphiclides_feisthamelii,Papilionidae,P,SbTr,NA,3,3,N,0.120,0.045,1,3,0.408,Wp,SbTr,NA,NA,Sl,NA,Se,Sb,NA,7,8,7.5,3,10,Hf,ThSbTcExHnHf,Pa,ShThSbNsHs,Da,BeShThSb
3,Papilio_alexanor,Papilionidae,P,Su,Gl,1,1,N,0.083,-0.073,8,3,0.118,BiAnHp,ShTh,FlBu,Ol,Fl,NA,NA,ShTh,NA,4,4,4,4,7,Hf,GrThSbExHnHf,Pa,RcBeThNsHs,Da,BeGrThSb
4,Papilio_machaon,Papilionidae,P,SuSsTs,GlFl,1,3,N,0.116,0.070,12,4,0.053,BiAnHpWp,ShThSb,FlLeBuSt,Ol,Fl,MpSs,Se,ShTh,Li,4,9,6.5,2,10,HfSf,ThSbExHf,Pa,ThSbNsHs,Da,ThSb
5,Papilio_hospiton,Papilionidae,P,SsTs,GlFl,1,1.5,N,0.102,-0.035,4,1,0.177,BiHp,ShTh,LeSt,SiOl,GlFl,NA,Se,Th,PsSh,3,3,3,5,7,Hf,NA,PaPtLe,RcThHt,Da,BeShTh
6,Papilio_saharae,Papilionidae,P,SsTs,GlFl,1,2,N,0.088,0.062,4,3,0.289,BiHp,ShTh,FlLeBuSt,SiOl,Fl,NA,Se,ShTh,PsSh,9,9,9,2,10,Hf,NA,PtLe,RcThHt,Da,BeShGrTh
7,Parnassius_mnemosyne,Papilionidae,E,SsTs,BuGl,1,1,N,0.068,0.074,1,2,0.354,BiAnHp,Sh,Le,NA,Gl,NA,Se,Sh,NA,3,5,3,4,8,Hf,GrHf,Pa,ThSbNsHs,Da,GrTh
8,Parnassius_phoebus,Papilionidae,EL,Su,GlFl,1,1,N,0.086,0.035,2,4,0.158,Hp,Sh,Le,SiOl,GlFl,NA,Se,ShTh,NA,3,3,3,6,8,Hf,BgStShExHf,Pa,RcBeShGrThHs,Da,BeSh
9,Parnassius_apollo,Papilionidae,EL,BuSu,BuGl,1,1,N,0.117,0.123,3,3,0.204,BiAnHp,Sh,LeBu,SiOl,Gl,NA,SeSb,Sh,NA,4,5,4.5,5,9,Hf,BgShThSbExHf,Pa,RcThNsHs,Da,BeThSb
10,Archon_apollinus,Papilionidae,P,Bu,Bu,1,1,N,0.056,-0.054,1,2,0.577,Hp,Sh,NA,NA,Fl,NA,Sb,NA,NA,2,5,3.5,2,6,Hf,BgGrShHf,NA,NA,Da,BeShGr
11,Zerynthia_cerisy,Papilionidae,P,NA,NA,1,1,N,0.057,-0.031,1,2,0.354,Hp,ShLi,NA,NA,Fl,NA,Sb,ShThLi,NA,5,5,5,3,7,Hf,NA,NA,NA,Da,Be
12,Zerynthia_cretica,Papilionidae,P,SsTs,GlFl,1,1,N,0.043,0.018,1,2,0.707,Hp,ShLi,FlLeBu,SiOl,Fl,NA,SeSb,Th,NA,4,5,4.5,2,6,Hf,NA,NA,NA,Da,BeShThSb
13,Zerynthia_caucasica,Papilionidae,P,SbTr,SlCl,1,1,N,0.057,-0.056,1,2,NA,NA,NA,Le,NA,GlFl,NA,SeSb,NA,NA,4,4,4,3,6,Hf,TcHf,Pa,ThSbPsLs,Da,Be
14,Zerynthia_rumina,Papilionidae,P,SuSsTs,BuGl,1,1.5,N,0.025,-0.019,1,2,0.577,Hp,ShLi,Le,Ol,GlFl,NA,SeSb,ShThLi,NA,3,10,5,2,11,Hf,NA,Pa,BeShGr,Da,Be
15,Zerynthia_polyxena,Papilionidae,P,BuSuSsTs,BuGlFl,1,1,N,0.031,0.001,1,2,0.500,Hp,ShLi,NA,NA,Fl,NA,SeSb,ShThLi,NA,4,4,4,3,6,Hf,ShExHf,Pa,BeShGr,Da,BeShGr
16,Zerynthia_cassandra,Papilionidae,P,NA,NA,1,1,N,0.026,-0.012,1,2,0.577,Hp,ShLi,Le,NA,Fl,NA,SeSb,ShTh,LiPs,4,4,4,3,6,Hf,NA,Pa,Sh,Da,Gr
17,Heteropterus_morpheus,Hesperiidae,L,SsTs,Fl,1,1,N,-0.025,-0.011,4,3,0.250,Hp,ShTh,Le,NA,Fl,NA,Se,ShTh,NA,2,4,3,5,8,Hf,NA,NA,NA,Da,ShGrTh
18,Carterocephalus_silvicola,Hesperiidae,L,SsTs,Fl,1,1,N,-0.055,0.069,5,3,0.200,Hp,ShTh,Le,NA,Fl,NA,Se,ShTh,NA,2,4,2.5,5,8,Hf,NA,NA,NA,Da,ShGrThSb
19,Carterocephalus_palaemon,Hesperiidae,L,Ts,GlFl,1,1,N,-0.044,-0.030,7,3,0.126,Hp,ShTh,Le,SiOl,Fl,LpMp,Se,Sh,LiPs,2,4,2.5,4,7,Hf,GrExHnHf,PnPt,ThPs,Da,BeShGr
20,Pelopidas_thrax,Hesperiidae,LP,SsTs,GlFl,3,3,N,-0.023,-0.059,2,3,0.218,AnHp,Th,Le,SiOl,Fl,NA,Se,ShTh,NA,8,12,10,1,12,Hf,NA,NA,NA,NA,ShGr
21,Borbo_borbonica,Hesperiidae,L,SsTs,Fl,1.5,3,N,-0.035,-0.049,2,3,0.333,Hp,ShTh,Le,SiOl,GlFl,NA,Se,Sh,NA,4,6,4.5,6,11,Hf,NA,NA,NA,NA,NA
22,Gegenes_pumilio,Hesperiidae,L,SsTs,Fl,3,3,N,-0.037,-0.067,5,3,0.354,AnHp,Sh,Le,SiOl,Fl,NA,Se,Sh,NA,9,9,9,3,11,Hf,NA,Pt,ShGr,NA,BeShGr
23,Gegenes_nostrodamus,Hesperiidae,ELPA,SsTs,Fl,3,3,N,-0.031,-0.051,4,3,0.289,AnHp,ShTh,Le,SiOl,Fl,NA,Se,Sh,NA,9,12,9,1,12,HfMi,NA,Pt,RcBeShGr,Da,ShGr
24,Ochlodes_sylvanus,Hesperiidae,L,Ts,Fl,1,2,N,-0.035,0.020,14,4,0.083,Hp,ShTh,Le,Ol,Fl,LpMp,Se,Th,Li,4,4,4,5,8,HfAnMi,GrThSbExHnHf,PaPnPt,ShGrThNsHsPs,Da,BeShGrThSb
25,Hesperia_comma,Hesperiidae,EL,SuSs,Gl,1,1,N,-0.036,0.024,4,3,0.333,Hp,Sh,Le,SiOl,GlFl,LpMp,Se,BgSh,Li,2,5,3.5,6,10,Hf,GrSbExHf,PaPnPt,ShNsPs,Da,BeShGr
26,Thymelicus_christi,Hesperiidae,L,NA,Fl,2,3,N,-0.056,-0.036,NA,NA,NA,NA,NA,Le,NA,Fl,NA,NA,NA,NA,9,9,9,2,10,NA,NA,NA,NA,NA,NA
27,Thymelicus_acteon,Hesperiidae,L,SsTs,Gl,1,2,N,-0.056,0.018,4,3,0.118,AnHp,ShTh,Le,Ol,Fl,LpMp,Sb,Th,Li,3,6,4.5,4,9,Hf,GrThExHnHf,PnPt,ShThNsPs,Da,GrTh
28,Thymelicus_hamza,Hesperiidae,NA,NA,NA,1,1,N,-0.057,-0.053,NA,NA,NA,NA,NA,NA,NA,NA,NA,NA,NA,NA,2,3,2.5,5,7,NA,NA,NA,NA,NA,NA
29,Thymelicus_hyrax,Hesperiidae,NA,NA,NA,1,1,N,-0.031,-0.063,1,4,0.102,NA,NA,NA,NA,NA,NA,NA,NA,NA,3,3,3,5,7,Hf,NA,NA,NA,NA,NA
30,Thymelicus_sylvestris,Hesperiidae,L,SsTs,Gl,1,1,N,-0.045,0.032,6,3,0.101,Hp,ShTh,LeSt,Ol,Fl,LpMp,Sb,Th,Li,3,6,4.5,4,9,HfMi,GrThExHnHf,PnPt,ShThNsPs,Da,ShGrTh
31,Thymelicus_lineola,Hesperiidae,E,SsTs,Gl,1,1,N,-0.052,0.078,14,4,0.067,Hp,ShTh,Le,NA,Fl,NA,SbLb,ShTh,Li,2,5,3.5,5,9,HfMi,GrThHnHf,PnPt,ShThNsPs,Da,BeGrTh
32,Spialia_phlomidis,Hesperiidae,L,NA,NA,1,1,N,-0.039,-0.028,1,1,0.500,Hp,Sh,NA,NA,NA,NA,NA,NA,NA,4,4,4,6,9,NA,NA,NA,NA,NA,NA
33,Spialia_sertorius,Hesperiidae,L,Ss,Fl,1,3,N,-0.059,0.052,3,2,1.000,Hp,Sh,Le,NA,GlFl,NA,Se,Sh,NA,5,9,7,2,10,Hf,NA,Pt,RcBeSh,Da,BeSh
34,Spialia_therapne,Hesperiidae,NA,NA,Fl,2,2,N,-0.061,0.033,1,1,1.000,NA,NA,NA,NA,GlFl,NA,Se,Sh,NA,5,6,5,4,9,NA,NA,Pt,BeShGrTh,NA,NA
35,Spialia_rosae,Hesperiidae,NA,NA,NA,1,2,N,-0.058,0.000,1,2,NA,Hp,Sh,NA,NA,NA,NA,Se,Sb,NA,4,7,5.5,4,10,Hf,NA,NA,NA,NA,NA
36,Spialia_orbifer,Hesperiidae,L,NA,NA,1,2,N,-0.054,0.018,1,3,0.224,Hp,Sh,NA,NA,NA,NA,NA,NA,NA,4,7,5.5,4,10,Hf,NA,NA,NA,NA,NA
37,Carcharodus_tripolinus,Hesperiidae,L,SuSs,Fl,3,3,N,-0.036,0.066,1,1,1.000,BiHp,Th,Le,Ol,Fl,NA,Se,ShTh,NA,7,7,7,3,9,Hf,NA,NA,NA,Da,NA
38,Carcharodus_alceae,Hesperiidae,L,SsTs,Fl,2,3,N,-0.041,0.059,2,4,0.167,BiAnHp,ShTh,Le,NA,Fl,NA,Se,ShTh,Li,6,10,8,2,11,Hf,NA,Pt,NA,Da,BeSh
39,Muschampia_cribrellum,Hesperiidae,L,NA,NA,1,1,N,-0.038,0.011,1,4,0.289,BiAnHpWp,ShThSb,NA,NA,NA,NA,NA,NA,NA,3,3,3,5,7,HfMiHc,NA,NA,NA,NA,NA
40,Muschampia_proto,Hesperiidae,E,Ss,Fl,1,1,N,-0.033,0.050,1,2,0.577,HpWp,ShThSb,FlLeBu,Ol,GlFl,LpMpSs,Se,ShThSb,Li,3,5,4,5,9,HfMi,StGrThSb,NA,NA,Da,BeSh
41,Muschampia_tessellum,Hesperiidae,NA,NA,NA,1,1,N,-0.016,0.003,2,2,0.500,Hp,ShTh,NA,NA,NA,NA,NA,NA,NA,4,5,4.5,4,8,Hf,NA,NA,NA,NA,NA
42,Muschampia_mohammed,Hesperiidae,NA,NA,NA,2,3,N,-0.034,0.009,1,2,0.577,Wp,Sb,NA,NA,NA,NA,NA,NA,NA,6,8,7,3,10,NA,NA,NA,NA,NA,NA
43,Carcharodus_lavatherae,Hesperiidae,L,Ss,Fl,1,1,N,-0.032,0.013,2,4,0.408,Hp,ShTh,FlLeBu,NA,GlFl,NA,Se,Sh,NA,3,5,4,5,9,HfMi,NA,Pt,RcSh,Da,ShTh
44,Carcharodus_orientalis,Hesperiidae,NA,NA,NA,2,3,N,-0.038,-0.042,3,2,0.577,AnHpWp,ShSb,NA,NA,NA,NA,NA,NA,NA,4,4,4.5,5,8,NA,NA,NA,NA,NA,NA
45,Carcharodus_floccifera,Hesperiidae,L,Ss,Fl,2,2,N,-0.035,-0.010,1,4,0.174,AnHp,ShTh,Le,NA,Fl,NA,Se,ShTh,NA,4,5,4.5,4,8,HfMi,NA,Pt,RcSh,Da,BeShGr
46,Carcharodus_stauderi,Hesperiidae,NA,NA,NA,3,3,N,-0.043,0.027,3,1,0.289,Hp,Sh,NA,NA,NA,NA,NA,NA,NA,8,8,8,3,10,NA,NA,NA,NA,NA,NA
47,Carcharodus_baeticus,Hesperiidae,L,Ss,Fl,2,3,N,-0.043,-0.009,2,3,0.408,Hp,ShTh,Le,Ol,GlFl,LpMpSs,Se,Sh,Li,2,6,4,5,10,HfMi,NA,NA,NA,Da,BeSh
48,Erynnis_tages,Hesperiidae,L,Ss,GlFl,1,2,N,-0.042,-0.033,3,4,0.129,AnHp,Sh,Le,SiOl,Fl,MpSs,Se,Sh,Li,2,6,4,4,9,HfHc,StGrThHf,PnPt,ShThPs,Da,BeShGrTh
49,Erynnis_marloyi,Hesperiidae,L,NA,NA,1,3,N,-0.035,0.007,2,1,1.000,Hp,Sh,NA,NA,NA,NA,NA,NA,NA,4,8,6,3,10,Hf,NA,NA,NA,NA,NA
50,Pyrgus_malvoides,Hesperiidae,P,Ss,Gl,1,2,N,-0.061,0.039,4,3,NA,Hp,Sh,Le,NA,GlFl,NA,Se,Sh,NA,2,5,3.5,4,8,HfMi,NA,NA,NA,NA,NA
51,Pyrgus_malvae,Hesperiidae,P,Ss,GlFl,1,2,N,-0.058,0.000,4,3,0.192,Hp,Sh,Le,SiOl,Fl,MpSs,Se,Sh,Li,3,7,5,3,9,HfHc,GrShThSbHf,PnPt,ShGrSbPs,Da,BeShGr
52,Pyrgus_carthami,Hesperiidae,L,NA,Fl,1,1,N,-0.031,0.006,1,4,0.218,AnHp,ShTh,Le,NA,GlFl,NA,SeSb,Sh,NA,5,5,5,5,9,HfMi,NA,NA,NA,Da,BeSh
53,Pyrgus_sidae,Hesperiidae,L,Su,Gl,1,1,N,-0.028,0.014,1,4,0.316,AnHp,Sh,FlLeBu,Ol,Fl,MpSs,Se,ShTh,Li,3,5,4,4,8,HfMi,NA,Pa,ShThSbHs,Da,BeShGrThSb
54,Pyrgus_centaureae,Hesperiidae,L,NA,NA,1,1,N,-0.043,0.002,1,1,1.000,Hp,Sh,NA,NA,NA,NA,NA,Sh,NA,2,3,2.5,6,8,Hf,NA,NA,NA,Da,BeSh
55,Pyrgus_cacaliae,Hesperiidae,L,NA,NA,1,1,N,-0.039,-0.028,2,2,0.577,Hp,Sh,FlLe,NA,NA,NA,NA,NA,NA,2,3,2.5,6,8,Hf,NA,NA,NA,NA,NA
56,Pyrgus_andromedae,Hesperiidae,L,NA,NA,1,1,N,-0.037,-0.016,3,3,0.289,HpWp,ShSb,NA,NA,NA,NA,NA,NA,NA,2,4,3,5,8,Hf,NA,NA,NA,NA,NA
57,Pyrgus_serratulae,Hesperiidae,L,Ss,Fl,1,1,N,-0.045,0.029,1,2,0.316,Hp,Sh,Le,NA,GlFl,NA,Se,Sh,NA,2,4,3,5,8,Hf,NA,NA,NA,Da,BeSh
58,Pyrgus_armoricanus,Hesperiidae,L,SsSb,BuGl,1,2,N,-0.049,-0.005,4,4,0.183,HpWp,ShSb,Le,NA,FlSl,NA,Se,ShSb,NA,3,8,5.5,3,10,HfMi,NA,NA,NA,Da,BeShTh
59,Pyrgus_alveus,Hesperiidae,L,SuTs,FlSl,1,1,N,-0.038,0.052,1,4,0.354,Wp,ShSb,Le,NA,Fl,NA,Se,ShSb,NA,2,5,3.5,5,9,Hf,NA,NA,NA,Da,BeSh
60,Pyrgus_warrenensis,Hesperiidae,L,NA,NA,1,1,N,-0.056,-0.034,1,2,0.577,Wp,Sb,NA,NA,NA,NA,NA,NA,NA,2,2,2,7,8,NA,NA,NA,NA,NA,NA
61,Pyrgus_foulquieri,Hesperiidae,L,NA,NA,1,1,N,-0.037,-0.069,2,2,0.500,Wp,Sb,NA,NA,NA,NA,NA,NA,NA,2,4,3,6,9,Hf,NA,NA,NA,NA,NA
62,Pyrgus_onopordi,Hesperiidae,L,Ss,Fl,2,3,N,-0.052,0.039,2,2,0.577,Hp,Sh,Le,NA,GlFl,NA,Se,Sh,NA,7,7,7,4,10,HfMiHc,NA,Pt,RcSh,Da,BeShGr
63,Pyrgus_carlinae,Hesperiidae,L,Ss,NA,1,1,N,-0.044,-0.034,1,2,0.500,Hp,Sh,NA,NA,NA,NA,NA,NA,NA,2,2,2,7,8,Hf,NA,PnPt,NA,Da,NA
64,Pyrgus_cirsii,Hesperiidae,EL,SuSs,Gl,1,1,N,-0.045,-0.042,1,2,0.408,NA,NA,Le,Si,GlFl,NA,Se,BgSh,NA,2,4,3,5,8,HfMiHc,NA,NA,NA,Da,BeShGr
65,Pyrgus_cinarae,Hesperiidae,L,NA,NA,1,1,N,-0.036,-0.072,1,1,1.000,Hp,Sh,NA,NA,NA,NA,NA,NA,NA,3,5,4,5,9,Hf,NA,NA,NA,NA,NA
66,Leptidea_duponcheli,Pieridae,P,Ts,GlFl,2,2,N,-0.008,0.016,3,3,0.408,AnHp,Sh,Le,SiOl,GlFl,NA,Se,ShTh,NA,5,5,5,4,8,Hf,GrThExHnHf,Pa,ShGrThHs,La,BeShGrTh
67,Leptidea_morsei,Pieridae,P,Ts,Fl,2,2,N,0.010,0.021,1,2,0.577,Hp,ShTh,LeBu,Ol,Fl,NA,Se,Th,NA,5,5,5,4,8,HfMi,GrShThSbExHnHf,Pa,ThHsLs,La,ShGrTh
68,Leptidea_juvernica,Pieridae,P,SsTs,Fl,1,1,N,0.008,-0.081,3,3,NA,NA,NA,LeSt,NA,Fl,NA,Se,ShTh,Sh,3,3,3,4,6,HfSfHc,GrShThExHf,Pa,NA,La,NA
69,Leptidea_sinapis,Pieridae,P,Ts,Fl,1,3,N,-0.003,0.076,4,3,0.144,BiAnHp,ShTh,Le,NA,Fl,NA,Se,ShTh,NA,4,8,6,3,10,HfMiHc,ThExHnHf,Pa,ShGrThNsHsPs,La,GrTh
70,Leptidea_reali,Pieridae,P,Ts,NA,1,3,N,0.000,0.041,2,1,1.000,Hp,Sh,Le,NA,NA,NA,NA,NA,NA,4,8,6,3,10,NA,NA,NA,NA,NA,NA
71,Gonepteryx_rhamni,Pieridae,A,SbTrLi,FlSl,1,1,N,0.063,0.028,2,3,0.218,Wp,SbTr,Le,NA,Sl,NA,Se,Sb,NA,7,9,8,1,9,HfSf,TtSbTcHnHf,Pa,ShSbNsHsPs,La,BeShGrThSb
72,Gonepteryx_cleobule,Pieridae,ELPA,SbTr,SlCl,3,3,N,0.080,-0.027,1,2,0.577,Wp,Tr,Le,Ol,SlCl,NA,Se,SbCa,NA,2,12,4,1,12,Hf,TtSbTcHnHf,Pa,SbTc,La,ShSb
73,Gonepteryx_cleopatra,Pieridae,A,SbTr,Sl,1,3,N,0.061,0.061,1,2,0.577,Wp,SbTr,Le,NA,Sl,NA,Se,Sb,NA,6,8,7.5,2,9,Hf,NA,Pa,SbNsHsPs,La,NA
74,Gonepteryx_maderensis,Pieridae,A,NA,NA,3,3,N,0.067,0.025,1,1,1.000,Wp,Tr,NA,NA,NA,NA,NA,NA,NA,6,12,9,1,12,Sf,NA,NA,NA,NA,NA
75,Gonepteryx_farinosa,Pieridae,A,SbTr,Sl,1,1,N,0.063,-0.001,2,2,0.577,Wp,Sb,Le,Ol,Sl,NA,Se,Sb,NA,11,11,11,1,11,Hf,SbTcHnHf,Pa,SbTc,La,Sb
76,Catopsilia_florella,Pieridae,ELPA,NA,SlCl,3,3,N,0.055,-0.001,1,2,NA,NA,NA,Le,NA,SlCl,NA,SeSb,SbCa,NA,10,12,11,1,12,NA,NA,NA,NA,NA,NA
77,Colias_hyale,Pieridae,LP,Ss,Fl,2,3,N,0.017,0.036,6,3,0.204,BiAnHpWp,ShThSb,Le,Si,GlFl,NA,Se,ShTh,NA,6,7,6.5,4,10,Hf,GrShThExHnHf,Pa,ShThNsHs,La,ShGr
78,Colias_alfacariensis,Pieridae,L,SuSs,Gl,2,3,N,0.021,-0.002,3,3,0.167,Hp,ShTh,Le,Si,GlFl,NA,Se,ShTh,NA,6,7,6.5,4,10,HfHc,NA,Pa,ShThNsHs,La,BeShGr
79,Colias_phicomone,Pieridae,L,NA,Gl,1,1.5,N,0.015,0.018,3,3,0.169,AnHp,Sh,Le,SiOl,Gl,NA,Se,Sh,NA,3,4,3.5,5,8,Hf,StGrShThSb,Pa,ThSb,La,BeShGr
80,Colias_aurorina,Pieridae,L,NA,Sl,1,1,N,0.056,-0.049,2,2,0.577,Hp,Sh,Le,Ol,Fl,NA,Se,Sb,NA,5,5,5,4,8,SfHc,NA,Pa,RcShGrThNsHs,La,Sh
81,Colias_chrysotheme,Pieridae,L,Ss,Gl,2,3,N,0.012,0.008,2,3,0.408,AnHp,ShTh,Le,Ol,GlFl,NA,Se,ShTh,NA,7,7,7,4,10,Hf,NA,Pa,ShNsHs,La,Sh
82,Colias_erate,Pieridae,LP,NA,NA,2,3,N,0.028,-0.021,1,3,0.113,BiAnHpWp,ShThSb,Le,Si,NA,NA,Se,ShTh,NA,4,5,4.5,5,9,NA,NA,NA,NA,NA,NA
83,Colias_crocea,Pieridae,LP,SuSs,Fl,3,3,N,0.025,0.065,15,3,0.041,BiAnHpWp,ShThSb,Le,NA,Fl,NA,Se,ShTh,NA,5,9,7,3,11,HfMi,StGrThSbHnHf,Pa,ShNsHs,La,BeSh
84,Colias_myrmidone,Pieridae,L,BuSu,FlSl,2,3,N,0.024,-0.028,1,3,0.316,Wp,Sb,NA,NA,Fl,NA,Se,Th,NA,5,6,5.5,4,9,Hf,NA,Pa,ShGrThSbNsHs,La,ShGrTh
85,Colias_caucasica,Pieridae,L,Su,Fl,1,1,N,0.050,-0.038,1,2,0.707,Wp,Sb,Le,Ol,Fl,NA,Se,ShTh,NA,3,3,3,6,8,Hf,NA,Pa,ShThHs,La,ShTh
86,Colias_palaeno,Pieridae,EL,BuSu,Fl,1,1,N,0.029,0.002,1,2,0.707,Wp,Sb,Le,SiOl,GlFl,NA,Se,Sh,NA,3,3,3,6,8,HfSf,GrShExHf,Pa,ShNsHs,La,Sh
87,Colias_tyche,Pieridae,L,SsTs,Gl,1,1,N,0.027,0.002,1,3,0.289,HpWp,ShSbTr,Le,SiOl,Gl,NA,Se,Sh,NA,3,3,3,5,7,HfHc,BgStCoHf,Pa,RcShNsHs,La,BeSh
88,Colias_hecla,Pieridae,LP,SuSs,Gl,1,1,N,0.009,-0.014,2,3,0.177,AnHpWp,ShSbTr,Le,SiOl,Gl,NA,SeSb,Sh,NA,3,3,3,6,8,Hf,StShThSbHf,Pa,ShNsHs,La,BeSh
89,Colotis_evagore,Pieridae,P,Ts,FlSl,3,3,N,-0.025,0.027,1,2,0.707,Wp,Sb,LeBu,Si,Fl,NA,Se,ShTh,NA,9,9,9,2,10,HfSfHc,ShThSbHnHf,Pa,ThSbHs,Da,BeTh
90,Aporia_crataegi,Pieridae,L,Sb,Fl,1,1,N,0.076,0.018,5,3,0.082,Wp,SbTr,Le,Ol,FlSl,MpSs,Lb,Sb,Li,3,5,3.5,4,8,HfErHdMi,ThCoHf,Pa,ThNs,Da,Th
91,Pontia_chloridice,Pieridae,P,BuSu,BuGl,2,3,N,-0.001,-0.051,4,4,0.236,AnHp,Sh,NA,Si,Fl,NA,Se,ShTh,NA,4,8,6,4,11,NA,NA,Pa,RcBeShHs,NA,Be
92,Pontia_callidice,Pieridae,P,BuSu,BuGl,1,2,N,0.018,0.023,4,4,0.102,BiAnHpWp,ShThSb,NA,NA,Gl,NA,Se,Sh,NA,4,4,4,5,8,HfHc,NA,NA,NA,NA,NA
93,Pontia_edusa,Pieridae,P,NA,NA,3,3,N,0.011,-0.006,4,4,0.102,BiAnHpWp,ShThSb,Le,NA,Gl,NA,Se,ShTh,NA,4,7,5.5,4,10,Hf,NA,NA,NA,Da,BeSh
94,Pontia_glauconome,Pieridae,P,NA,NA,3,3,N,-0.005,-0.013,6,4,0.056,NA,NA,NA,NA,NA,NA,NA,NA,NA,11,12,11.5,1,12,NA,NA,NA,NA,NA,NA
95,Pontia_daplidice,Pieridae,P,SuSsTs,Fl,3,3,N,0.007,0.044,15,4,0.061,BiAnHpWp,ShThSb,FlSt,Ol,Fl,NA,SeSb,ShTh,NA,4,7,5.5,4,10,Hf,StGrShThSbExHf,Pa,RcBeShNsHs,Da,BeShGrTh
96,Pieris_krueperi,Pieridae,P,Su,Gl,3,3,N,0.017,-0.003,1,2,0.707,Hp,Sh,Fl,SiOl,Fl,NA,Se,ShTh,NA,8,8,8,3,10,Hf,ShExHf,NA,RcShPs,Dr,BeSh
97,Pieris_brassicae,Pieridae,P,SuTsSb,FlSl,2,3,N,0.067,0.013,17,3,0.115,BiAnHpWp,ShThSb,Le,Ol,GlFl,NA,SbLb,ShTh,NA,4,10,7,2,11,HfSfHc,ThSbExHnHf,Pa,ThNsHs,Dr,ShThSb
98,Pieris_wollastoni,Pieridae,NA,NA,NA,3,3,N,0.059,0.016,1,1,NA,NA,NA,NA,NA,NA,NA,NA,NA,NA,7,7,7,5,11,NA,NA,NA,NA,NA,NA
99,Pieris_cheiranthi,Pieridae,ELPA,NA,FlSl,3,3,N,0.077,-0.063,2,3,0.289,AnHp,Sh,Le,Ol,GlFlSl,NA,SbLb,Th,NA,12,12,12,1,12,HfHc,ThSbExHnHf,Pa,ThSbNsHs,Dr,ShThSb
100,Pieris_rapae,Pieridae,P,SsTsSb,Fl,1,3,N,0.020,0.063,10,4,0.118,BiAnHpWp,ShThSbLi,Le,NA,GlFl,NA,Sb,ShTh,NA,9,10,9.5,2,11,HfMiHc,ThSbExHnHf,Pa,BeShThSbNsHs,Dr,BeShGrThSb
101,Pieris_mannii,Pieridae,P,SsTsSb,Gl,3,3,N,0.018,0.003,2,3,0.408,HpWp,ShSb,Le,Ol,GlFl,NA,Se,ShTh,PsSh,5,10,7.5,2,11,Hf,ShThSbExHnHf,NA,RcSh,Dr,BeShThSb
102,Pieris_ergane,Pieridae,P,SuSs,GlFl,1,3,N,0.008,0.043,2,3,0.408,BiAnHp,ShTh,Le,SiOl,GlFl,NA,Se,Sh,NA,5,10,7.5,2,11,HfMi,ShThExHnHf,NA,NA,Dr,BeShTh
103,Pieris_bryoniae,Pieridae,P,SuSs,Gl,1,2,N,0.011,0.063,3,3,0.204,Hp,Sh,Le,SiOl,Gl,NA,SeSb,Sh,NA,4,4,4,6,9,HfHc,ShExHf,Pa,RcSh,DaLa,BeSh
104,Pieris_napi,Pieridae,P,SuTs,Fl,1,3,N,0.015,0.097,20,3,0.114,BiAnHp,ShTh,Le,NA,GlFl,NA,Se,ShTh,NA,2,9,5.5,3,11,HfSfHc,ShThExHnHf,Pa,ShGrThSbNsHsPs,Dr,ShGrThSb
105,Pieris_segonzaci,Pieridae,ELPA,NA,NA,1,2,N,0.037,-0.039,1,1,1.000,Wp,Sb,NA,NA,NA,NA,NA,ShTh,NA,3,3,3,5,7,NA,NA,NA,NA,NA,NA
106,Pieris_balcana,Pieridae,P,NA,NA,2,3,N,0.021,0.071,NA,3,0.289,BiAnHp,ShTh,NA,NA,NA,NA,NA,NA,NA,7,7,7,4,10,Hf,NA,NA,NA,NA,NA
107,Euchloe_tagis,Pieridae,P,SsTs,GlFl,1,1,N,-0.013,0.054,2,2,0.577,AnHpWp,ShSb,Fl,Ol,GlFlSl,LpMpSs,Se,ShTh,Li,3,4,3,2,5,Hf,ShThSbHf,Pa,ShThNsHsHt,Da,BeShThSb
108,Euchloe_eversi,Pieridae,P,NA,NA,2,2,N,0.001,-0.024,2,3,0.289,NA,NA,NA,NA,NA,NA,Se,NA,NA,4,4,4,3,6,Hf,NA,NA,NA,NA,NA
109,Euchloe_grancanariensis,Pieridae,P,SsTs,FlSl,2,2,N,0.001,0.000,1,1,1.000,AnHp,Sh,FlBuSt,Ol,Fl,NA,Se,Th,Li,7,12,7,1,12,Hf,NA,Pa,NA,Da,NA
110,Euchloe_hesperidum,Pieridae,P,SsTs,FlSl,2,2,N,-0.009,-0.021,2,3,0.289,An,Sh,FlBu,Ol,Fl,NA,Se,Th,Li,6,12,6,1,12,Hf,NA,Pa,NA,Da,NA
111,Euchloe_belemia,Pieridae,P,Ss,GlFl,2,2,N,0.001,0.019,4,3,0.354,AnHp,Sh,Fl,SiOl,Gl,NA,Se,Sh,NA,5,5,5,2,6,Hf,GrShExHf,Pa,BeThSbNsHt,Da,ShGrTh
112,Euchloe_insularis,Pieridae,P,SsTs,Fl,1.5,2,N,-0.011,0.015,3,3,0.250,BiAnHp,ShTh,Fl,Ol,Fl,NA,Se,ShTh,NA,5,5,5,2,6,HfHc,ShThExHnHf,Pa,ShHs,Da,ShTh
113,Euchloe_crameri,Pieridae,P,SuSsTsSb,Fl,1,2,N,0.008,0.060,6,3,0.154,BiAnHpWp,ShThSb,Fl,Ol,Fl,LpMpSs,Se,Th,LiPs,3,3,3,2,4,HfHc,ShThSbExHnHf,Pa,ThSbNsHs,Da,BeShThSb
114,Euchloe_simplonia,Pieridae,P,SsTs,Sl,0.5,1,N,0.016,-0.006,3,3,0.333,BiHp,Sh,Fl,SiOl,GlFl,NA,SeSb,ShTh,Li,4,4,4,5,8,HfHc,ShThExHnHf,PaPt,ShThSbNsHs,Da,BeShTh
115,Euchloe_ausonia,Pieridae,P,SsTs,Fl,1,3,N,0.016,-0.014,8,3,0.126,BiAnHpWp,ShThSb,FlLeBu,Ol,Fl,NA,Se,ShTh,NA,4,7,5,2,8,HfHc,ShThExHnHf,PaPt,ShThNsHs,Da,BeShTh
116,Euchloe_charlonia,Pieridae,P,Ts,GlFl,2,3,N,-0.032,-0.037,9,4,0.036,BiAnHp,ShTh,Le,SiOl,GlFl,NA,SeSb,ShTh,LiPs,8,12,8.5,1,12,Hf,ShThExHf,Pa,BeShNsHs,Da,BeShTh
117,Euchloe_penia,Pieridae,P,Su,Gl,1,2,N,-0.021,-0.027,1,3,0.408,BiHp,Sh,Le,NA,GlFl,NA,Se,Sh,NA,5,5,5,3,7,Hf,NA,Pa,RcBeShPsHt,NA,NA
118,Euchloe_bazae,Pieridae,P,SuSs,GlFl,1,2,N,-0.014,-0.014,2,3,0.500,Wp,Sb,FlLe,SiOl,Gl,LpMpSs,SeSb,ShTh,Li,4,4,4,3,6,Hf,NA,Pa,BeShHt,Da,BeShGr
119,Euchloe_falloui,Pieridae,NA,NA,NA,2,3,N,-0.007,0.016,5,4,0.102,Hp,Sh,NA,NA,NA,NA,NA,NA,NA,7,9,7,2,10,NA,NA,NA,NA,NA,NA
120,Zegris_pyrothoe,Pieridae,NA,NA,NA,1,1,N,-0.008,0.004,1,1,NA,NA,NA,NA,NA,NA,NA,NA,NA,NA,2,2,2,4,5,NA,NA,NA,NA,NA,NA
121,Zegris_eupheme,Pieridae,P,SsTs,Fl,1,1,N,0.031,-0.031,2,3,0.192,BiAnHp,ShTh,Fl,Ol,Fl,NA,Se,ShTh,NA,4,4,4,3,6,HfHc,ThExHn,Pa,ThNsHs,Da,Th
122,Anthocharis_euphenoides,Pieridae,P,SsTsSb,GlFl,1,1,N,-0.012,0.039,1,2,0.577,AnHp,Sh,FlBu,Ol,Fl,LpMpSs,Se,BgSh,LiPs,3,4,3.5,3,6,Hf,ThSbExHnHf,Pa,ShThNs,Da,BeShTh
123,Anthocharis_belia,Pieridae,P,SsTsSb,FlSl,1,1,N,-0.011,0.011,1,2,0.577,An,Sh,NA,NA,NA,NA,NA,NA,NA,6,6,6,2,7,Hf,NA,Pa,NA,NA,NA
124,Anthocharis_cardamines,Pieridae,P,SsTs,Fl,1,1,N,0.001,0.102,6,3,0.101,BiAnHp,ShTh,FlLeBu,NA,Fl,NA,Se,ShTh,NA,3,5,4,4,8,HfHc,ThExHnHf,Pa,ShGrThSbNsHsPs,Dr,ShGrThSb
125,Anthocharis_gruneri,Pieridae,P,NA,NA,1,1,N,-0.024,-0.009,1,3,0.408,AnHp,Sh,NA,NA,NA,NA,Se,Sh,NA,2,6,4,2,7,Hf,NA,NA,NA,NA,NA
126,Anthocharis_damone,Pieridae,P,SsTsSb,FlSl,1,1,N,-0.005,-0.069,1,1,1.000,Bi,Th,FlLeBu,NA,NA,NA,Se,ShTh,NA,2,4,3,3,6,HfHc,NA,Pa,NA,NA,NA
127,Hamearis_lucina,Riodinidae,P,BuTs,Gl,1,1,P,-0.032,-0.033,1,2,0.577,Hp,Sh,Le,Ol,GlFl,LpMp,Sb,Sh,Li,6,6,6,4,9,Hf,ShThSbExHf,Pt,GrThSbPs,Da,BeGrThSb
128,Lycaena_dimorpha,Lycaenidae,E,NA,NA,1,1,NA,-0.046,-0.028,NA,NA,1.000,Wp,Sb,NA,Ol,Sl,NA,NA,Sb,NA,2,2,2,5,6,HfMi,NA,NA,NA,NA,NA
129,Lycaena_helle,Lycaenidae,P,SuSs,GlFl,1,1.5,N,-0.052,-0.008,2,3,0.289,Hp,Sh,Le,NA,Fl,NA,Se,ShTh,Sh,6,6,6,5,10,HfSf,SbTcHf,Pt,Th,Dr,Sh
130,Lycaena_alciphron,Lycaenidae,L,SuSs,GlFl,1,1,N,-0.018,0.003,1,2,0.577,Hp,Sh,Le,NA,GlFl,NA,Se,ShTh,NA,4,4,4,5,8,Hf,ShExCoHn,Pt,NA,Dr,BeSh
131,Lycaena_thetis,Lycaenidae,NA,NA,NA,1,1,N,-0.037,0.017,1,2,0.707,Wp,Sb,NA,NA,NA,NA,NA,NA,NA,2,2,2,7,8,HfHc,NA,Pa,NA,NA,NA
132,Lycaena_thersamon,Lycaenidae,LP,NA,NA,1,3,N,-0.035,-0.032,1,4,0.089,AnHpWp,ShSb,FlLe,NA,NA,NA,Se,ShTh,Li,7,11,9,2,12,Hf,NA,Pt,NA,NA,ShTh
133,Lycaena_phoebus,Lycaenidae,NA,NA,NA,1,2,N,-0.048,-0.009,2,2,0.577,AnHp,Sh,NA,NA,NA,NA,NA,NA,NA,6,6,6,4,9,HfHc,NA,NA,NA,NA,NA
134,Lycaena_dispar,Lycaenidae,L,SuSs,Fl,1,3,N,-0.012,0.035,1,2,0.408,Hp,ShTh,Le,Ol,GlFlAt,MpSs,SeSb,Th,Li,6,7,6.5,4,10,HfSfHd,ShThExHf,PaPn,ThNs,Dr,GrTh
135,Lycaena_hippothoe,Lycaenidae,EL,Ss,Gl,1,1,N,-0.027,0.015,2,3,0.289,Hp,ShTh,Le,NA,GlFl,NA,Se,ShTh,Ps,4,5,4.5,5,9,Hf,GrShThExCoHnHf,PaPt,GrThNs,Dr,ShTh
136,Lycaena_candens,Lycaenidae,L,NA,BuGl,1,1,N,-0.012,-0.066,1,1,1.000,Hp,Sh,Le,NA,Gl,NA,SeSb,Sh,NA,3,4,3.5,6,9,Hf,NA,NA,NA,NA,ShGr
137,Lycaena_ottomana,Lycaenidae,L,NA,NA,2,2,N,-0.038,-0.071,2,1,1.000,Hp,Sh,NA,NA,NA,NA,NA,NA,NA,6,8,7,3,10,Hf,NA,NA,NA,NA,NA
138,Lycaena_bleusei,Lycaenidae,E,SuSs,Gl,3,3,N,-0.035,-0.020,1,2,NA,An,Sh,Le,SiOl,Fl,LpMp,Se,ShTh,LiPs,9,9,9,3,11,HfSf,GrShThSbHf,PnPt,ShThSb,DaDr,ShGrThSb
139,Lycaena_phlaeas,Lycaenidae,L,SsTs,GlFl,1,3,N,-0.048,0.067,2,2,0.333,Hp,ShTh,Le,SiOl,Gl,MpSs,Se,Sh,Li,9,10,9.5,2,11,HfSfAnMi,StShThExHnHf,PaPnPt,GrThHsPs,Dr,BeShGr
140,Lycaena_virgaureae,Lycaenidae,L,SsTs,Gl,1,1,N,-0.035,0.067,1,2,0.408,Hp,ShTh,Le,Si,Gl,NA,Se,ShTh,NA,5,5,5,5,9,Hf,ThSbTcHnHf,PaPt,GrThNsPs,Dr,ShGr
141,Lycaena_tityrus,Lycaenidae,L,SuSs,Gl,1,3,N,-0.036,0.004,1,4,0.136,HpWp,ShThSb,Le,NA,GlFl,NA,Se,ShTh,LiPs,7,7,7,4,10,Hf,NA,Pt,NA,Dr,ShGr
142,Cigaritis_zohra,Lycaenidae,L,Bu,Bu,1,2,M,-0.056,-0.039,1,4,0.102,Wp,Sb,NA,NA,BuGlFlSlAt,NA,NA,ShThSb,NA,2,5,3,4,8,NA,NA,NA,NA,NA,NA
143,Cigaritis_siphax,Lycaenidae,NA,NA,NA,2,3,NA,-0.055,0.019,NA,2,0.577,NA,NA,NA,NA,NA,NA,NA,NA,NA,7,7,7,3,9,NA,NA,NA,NA,NA,NA
144,Cigaritis_allardi,Lycaenidae,L,BuSu,NA,1,1,P,-0.050,0.009,4,4,0.102,Wp,Sb,NA,NA,BuGlSlAt,NA,NA,Sb,NA,2,5,3,3,7,NA,NA,NA,NA,NA,NA
145,Cigaritis_acamas,Lycaenidae,NA,NA,NA,1,3,NA,-0.037,-0.008,NA,NA,NA,NA,NA,NA,NA,NA,NA,NA,NA,NA,6,11,7.5,2,12,NA,NA,NA,NA,NA,NA
146,Thecla_betulae,Lycaenidae,E,BuSbTr,BuGlAt,1,1,P,-0.016,-0.011,4,4,0.129,Wp,SbTr,LeBu,Ol,SlAt,LpMp,Se,Sb,Li,4,5,4.5,6,10,HfHdHc,SbExHn,PtLe,SbHsPs,La,ThSb
147,Favonius_quercus,Lycaenidae,E,Tr,BuGlAt,1,1,P,-0.032,0.054,1,2,0.408,Wp,Tr,FlLeBu,Ol,Cl,LpMp,Se,Ca,Li,4,6,5,5,10,HdAnMiHc,SbTcExHn,PtLe,TcHsPs,La,Th
148,Laeosopis_roboris,Lycaenidae,E,Tr,GlCl,1,1,O,-0.031,0.019,1,2,0.707,Wp,Tr,FlLe,NA,GlClAt,NA,Se,Li,NA,3,3,3,5,7,Hf,NA,Pt,NA,NA,NA
149,Tomares_ballus,Lycaenidae,P,Su,Gl,1,1,M,-0.038,-0.020,4,3,0.125,AnHp,Sh,FlLe,NA,Fl,NA,Se,Sh,NA,3,5,4,1,5,Hf,NA,Pt,ShGr,La,BeSh
150,Tomares_nogelii,Lycaenidae,NA,NA,NA,1,1,NA,-0.032,-0.027,1,1,1.000,Hp,Sh,NA,NA,NA,NA,NA,NA,NA,3,4,3.5,4,7,NA,NA,NA,NA,NA,NA
151,Tomares_callimachus,Lycaenidae,P,Bu,BuAt,1,1,NA,-0.044,-0.012,3,3,NA,NA,NA,FlLe,NA,BuGlFlAt,NA,Se,Sh,NA,3,4,3,3,6,NA,NA,PaPt,NA,NA,NA
152,Tomares_mauretanicus,Lycaenidae,NA,NA,NA,1,1,NA,-0.044,-0.017,3,3,0.289,An,Sh,NA,NA,NA,NA,NA,NA,NA,7,7,7,1,7,Hf,NA,NA,NA,NA,NA
153,Deudorix_livia,Lycaenidae,NA,NA,NA,3,3,NA,-0.026,0.018,3,4,0.102,Wp,Sb,NA,NA,NA,NA,NA,NA,NA,10,10,10,3,12,NA,NA,NA,NA,NA,NA
154,Callophrys_avis,Lycaenidae,P,BuSu,Gl,1,1,N,-0.028,-0.035,5,2,0.250,HpWp,ShSbTr,LeBu,NA,NA,NA,Se,SbCa,NA,3,3,3,3,5,Hf,NA,NA,NA,La,ThSb
155,Callophrys_rubi,Lycaenidae,P,BuSu,BuGlAt,1,1.5,P,-0.047,0.029,18,4,0.033,HpWp,ShThSb,FlLeBu,SiOl,GlFlSl,LpMpSs,Se,ShThSb,Li,5,7,6,3,9,HfSfHdHc,SbExHnHf,PnPt,ThSbPs,La,ShThSb
156,Callophrys_suaveola,Lycaenidae,P,NA,NA,1,1,NA,-0.029,-0.031,1,2,NA,Hp,Th,NA,NA,NA,NA,NA,NA,NA,2,2,2,5,6,Hf,NA,NA,NA,La,Th
157,Callophrys_chalybeitincta,Lycaenidae,P,Bu,Bu,1,1,NA,-0.048451335,0.0216955,2,4,NA,NA,NA,FlLe,NA,BuGlFl,NA,SeSb,NA,NA,3,4,3.5,4,7,HfSf,NA,Pt,NA,NA,NA
158,Neolycaena_rhymnus,Lycaenidae,NA,NA,NA,1,1,NA,-0.046,0.038,1,2,NA,NA,NA,NA,NA,NA,NA,NA,NA,NA,2,4,3,5,8,NA,NA,NA,NA,NA,NA
159,Satyrium_pruni,Lycaenidae,E,Sb,Sl,1,1,P,-0.033,0.028,1,2,0.134,Wp,SbTr,FlLeBu,Ol,Sl,LpMp,Se,Sb,LiPs,3,3,3,5,7,HfSfHdHc,SbExHn,PtLe,SbHsPs,La,ThSb
160,Satyrium_ilicis,Lycaenidae,E,SbTr,Gl,1,1,P,-0.025,-0.017,1,4,0.112,Wp,SbTr,Le,Si,Sl,NA,Se,SbCa,NA,4,4,4,5,8,Sf,NA,Pt,NA,La,ThSb
161,Satyrium_esculi,Lycaenidae,E,SbTr,SlCl,1,1,M,-0.029,-0.009,1,2,0.707,Wp,SbTr,Le,Si,SlClAt,NA,Se,SbCa,NA,4,4,4,5,8,Hf,NA,Pt,NA,La,ThSb
162,Satyrium_ledereri,Lycaenidae,E,NA,BuGl,1,1,NA,-0.040,-0.034,1,2,0.577,NA,NA,Fl,NA,Sl,NA,Se,Sb,NA,2,5,3.5,3,7,Hf,NA,NA,NA,NA,NA
163,Satyrium_w-album,Lycaenidae,E,SbTr,SlCl,1,1,P,-0.029,-0.018,1,4,0.065,Wp,SbTr,FlLeBu,Ol,SlClAt,LpMp,Se,SbCa,LiPs,3,3,3,6,8,HfHdHc,SbTcExHn,PtLe,SbTcHsPsLs,La,ThSb
164,Satyrium_spini,Lycaenidae,E,SbTr,GlSlCl,1,1,P,-0.033,0.001,3,3,0.167,Wp,SbTr,LeBu,Si,Sl,NA,SeSb,SbCa,Li,3,4,3.5,5,8,HfSfHd,NA,PtLe,TcHs,La,Sb
165,Satyrium_acaciae,Lycaenidae,E,SbTr,GlSlCl,1,1,N,-0.036,0.009,1,1,1.000,Wp,Sb,Le,Si,GlSl,NA,Se,SbCa,Li,2,4,3,5,8,HfSfHc,NA,PnPt,SbNs,DaLa,Sb
166,Leptotes_pirithous,Lycaenidae,LP,SsTsSb,Gl,3,3,O,-0.053,0.011,10,4,0.045,HpWp,ShThSb,Fl,NA,FlAt,NA,Se,ShTh,NA,8,8,8,3,10,HfSf,NA,NA,NA,DaDr,Sh
167,Cyclyrius_webbianus,Lycaenidae,ELPA,SuTsSb,Gl,3,3,NA,-0.041,0.005,8,3,0.289,Wp,Sb,Fl,NA,Fl,NA,Sb,Sb,NA,12,12,12,1,12,Hf,NA,NA,NA,NA,NA
168,Azanus_ubaldus,Lycaenidae,ELPA,NA,BuGlSl,3,3,NA,-0.079,0.074,1,2,0.577,Wp,SbTr,Bu,NA,Sl,NA,SeSb,ThSb,NA,5,12,8.5,1,12,Sf,NA,Pa,SbHs,NA,NA
169,Azanus_jesous,Lycaenidae,ELPA,NA,Gl,3,3,NA,-0.062,-0.020,4,3,0.289,Wp,Tr,Fl,Ol,Cl,NA,Se,Ca,Li,7,7,7,2,8,NA,NA,NA,NA,NA,NA
170,Lampides_boeticus,Lycaenidae,ELP,SuSsTs,Gl,3,3,P,-0.030,0.084,7,3,0.058,HpWp,ShThSb,FlBu,NA,FlAt,NA,Se,ShTh,NA,9,9,9,3,11,Hf,NA,NA,NA,DaDr,ShGrSb
171,Cacyreus_marshalli,Lycaenidae,LP,Ss,Fl,3,3,N,-0.057,0.016,2,2,1.000,Hp,Sh,FlLeBuSt,NA,NA,NA,Se,Sh,NA,8,8,8,3,10,Hf,Ms,NA,NA,DaDr,Sh
172,Celastrina_argiolus,Lycaenidae,P,SuSbLi,GlSl,1,2,P,-0.039,0.072,48,4,0.020,BiAnHpWp,ShThSbTrLi,FlLe,Ol,SlClAt,LpMpSs,Se,SbLi,Ps,7,7,7,3,9,HfSfHdHc,SbTcExHnHf,PaPn,SbTcHsPs,La,ThSb
173,Tarucus_theophrastus,Lycaenidae,LP,TsSb,GlSl,3,3,NA,-0.065,-0.010,2,3,0.354,Wp,Sb,Le,NA,Sl,NA,Se,Sb,NA,6,6,6,4,9,NA,NA,NA,NA,NA,NA
174,Tarucus_rosaceus,Lycaenidae,NA,NA,NA,3,3,P,-0.067,0.026,2,3,0.289,Wp,Sb,NA,NA,NA,NA,NA,NA,NA,6,12,9,1,12,NA,NA,NA,NA,NA,NA
175,Tarucus_balkanicus,Lycaenidae,P,SsTs,Fl,3,3,NA,-0.066,0.047,2,3,0.267,Wp,Sb,Le,NA,Fl,NA,Se,ShTh,NA,7,7,7,4,10,Hf,NA,NA,RcBe,NA,NA
176,Phengaris_alcon,Lycaenidae,L,Bu,Bu,1,1,O,-0.013,-0.050,1,2,0.577,Hp,Sh,Fl,NA,BuGlFlAt,NA,SeSb,Sh,NA,3,3,3,6,8,Hf,GrExHf,Pt,ShNsHs,DaDr,ShGr
177,Phengaris_arion,Lycaenidae,L,Bu,BuAt,1,1,O,-0.013,0.040,2,3,0.500,Hp,ShNp,Fl,Ol,BuGlFlAt,LpMp,Se,Sh,Li,4,4,4,5,8,HfHc,ThSbHf,Pa,GrNs,Dr,BeShSb
178,Phengaris_teleius,Lycaenidae,L,Bu,Bu,1,1,O,-0.021,-0.025,1,1,1.000,Hp,Sh,Fl,NA,BuGlFlAt,NA,Se,ShTh,NA,3,3,3,6,8,HfHc,NA,NA,NA,DaDr,ShTh
179,Phengaris_nausithous,Lycaenidae,L,Bu,Bu,1,1,O,-0.015,-0.077,1,1,1.000,Hp,Sh,Fl,NA,BuGlFlAt,NA,Se,ShTh,NA,3,3,3,6,8,HfHc,ShExCoHn,Pn,ShNsHs,DaDr,Sh
180,Turanana_taygetica,Lycaenidae,P,NA,NA,1,2,NA,-0.063,-0.048,1,2,0.577,Wp,Sb,NA,NA,NA,NA,NA,Sh,NA,4,4,4,4,7,HfMi,NA,NA,NA,NA,NA
181,Pseudophilotes_bavius,Lycaenidae,P,NA,NA,1,1,NA,-0.047,0.060,1,2,0.577,HpWp,ShThSb,FlLe,NA,FlAt,NA,Se,Sh,Li,3,3,3,4,6,HfSf,NA,NA,NA,NA,NA
182,Pseudophilotes_fatma,Lycaenidae,P,NA,NA,1,1,NA,-0.051,0.070,1,1,1.000,Hp,Sh,NA,NA,NA,NA,NA,NA,NA,2,3,2.5,4,6,NA,NA,NA,NA,NA,NA
183,Pseudophilotes_barbagiae,Lycaenidae,P,Bu,NA,1,1,NA,-0.066,-0.052,1,1,1.000,Hp,Sh,NA,NA,Fl,NA,SeSb,Sh,NA,4,4,4,4,7,Hf,NA,NA,NA,NA,NA
184,Pseudophilotes_abencerragus,Lycaenidae,P,Su,Gl,1,2,N,-0.070,0.060,4,4,0.354,AnHp,Sh,Fl,Ol,Fl,LpMp,Se,Sh,Li,2,2,2,4,5,HfMi,NA,NA,NA,NA,NA
185,Pseudophilotes_panoptes,Lycaenidae,P,SuSs,GlFl,2,2,O,-0.066,0.006,2,3,0.500,HpWp,ShSb,Fl,Ol,FlSlAt,LpMpSs,Se,Sb,NA,6,6,6,3,8,HfMi,NA,NA,NA,Dr,BeSh
186,Pseudophilotes_vicrama,Lycaenidae,LP,NA,NA,1,2,NA,-0.062,0.043,4,4,0.069,BiHpWp,ShThSb,FlBu,NA,FlAt,NA,NA,Sh,NA,5,5,5,4,8,Hf,NA,Pa,NA,NA,NA
187,Pseudophilotes_baton,Lycaenidae,LP,BuSu,Gl,1,2,P,-0.061,0.021,6,2,0.124,AnHpWp,ShSb,FlLe,Ol,FlAt,LpMpSs,Se,Sh,Li,5,5,5,4,8,Hf,NA,Pt,GrNs,Da,BeShGr
188,Scolitantides_orion,Lycaenidae,P,SuSs,GlFl,1,2,P,-0.039,0.045,1,2,0.333,BiAnHp,Sh,Le,Ol,FlAt,NA,Se,Sh,NA,5,5,5,4,8,Hf,ShSbTcExCoHn,Pa,NA,DaDr,BeSh
189,Praephilotes_anthracias,Lycaenidae,P,NA,NA,1,1,NA,-0.050164523,0.048891371,1,NA,NA,NA,NA,FlBu,NA,Sl,NA,Se,Sb,NA,2,2,2,4,5,NA,NA,NA,NA,NA,NA
190,Iolana_iolas,Lycaenidae,P,Su,Gl,1.5,1.5,P,0.001,-0.006,1,2,0.707,Wp,Sb,Fl,NA,GlFlAt,NA,Se,Sh,NA,4,4,4,4,7,HfMiHc,NA,NA,NA,NA,NA
191,Iolana_debilitata,Lycaenidae,P,Bu,NA,1.5,1.5,NA,-0.008,-0.002,1,2,NA,NA,NA,NA,NA,NA,NA,NA,NA,NA,5,6,5,4,9,Hf,NA,NA,NA,NA,NA
192,Glaucopsyche_melanops,Lycaenidae,P,Su,Gl,1,1,O,-0.046,0.084,3,3,0.224,AnWp,ShSb,Fl,NA,FlAt,NA,Se,Sh,NA,2,2,2,4,5,HfMiHc,NA,NA,NA,DaDr,BeSh
193,Glaucopsyche_paphos,Lycaenidae,P,NA,NA,1,1,NA,-0.053,0.011,2,3,0.289,Wp,Sb,NA,NA,FlAt,NA,Se,Sh,NA,2,2,2,5,6,NA,NA,NA,NA,NA,NA
194,Glaucopsyche_alexis,Lycaenidae,P,Bu,Gl,1,1,P,-0.036,0.091,13,3,0.065,BiAnHpWp,ShThSb,Le,NA,FlAt,NA,Se,Sh,NA,5,5,5,3,7,HfAnMi,NA,Pa,NA,DaDr,BeSh
195,Zizeeria_knysna,Lycaenidae,ELPA,NA,Gl,3,3,O,-0.063,0.016,10,4,0.105,AnHp,Sh,NA,NA,NA,NA,NA,NA,NA,9,9,9,2,10,HfMi,NA,NA,NA,NA,NA
196,Zizeeria_karsandra,Lycaenidae,ELPA,NA,NA,3,3,NA,-0.060,-0.008,2,3,0.289,NA,NA,NA,NA,NA,NA,NA,NA,NA,9,9,9,2,10,NA,NA,NA,NA,NA,NA
197,Tongeia_fischeri,Lycaenidae,L,NA,GlFlSl,2,2,NA,-0.059,0.030,2,NA,NA,Hp,NA,FlLe,Ol,Gl,NA,Se,Sh,NA,4,4,4,5,8,HfMi,GrShThExHf,NA,NA,Da,BeShGr
198,Cupido_argiades,Lycaenidae,L,SsTs,Fl,2,2,NA,-0.046,0.052,6,3,0.072,BiAnHpWp,ShThSbLi,Fl,NA,Fl,NA,Se,ShTh,NA,6,6,6,4,9,Hf,NA,Pa,ShGrNsHs,DaDr,Sh
199,Cupido_decoloratus,Lycaenidae,LP,NA,NA,2,3,NA,-0.051,-0.003,1,3,0.258,AnHp,ShTh,Fl,NA,Fl,NA,NA,Sh,NA,5,5,5,5,9,HfHc,NA,NA,NA,NA,NA
200,Cupido_alcetas,Lycaenidae,L,Ss,Fl,2,3,P,-0.041,0.059,5,3,0.183,AnHp,ShTh,FlLe,NA,FlAt,NA,Se,Sh,NA,7,7,7,4,10,HfHc,NA,PtLe,ThSbPsLs,DaDr,BeSh
201,Cupido_osiris,Lycaenidae,L,Ss,GlFl,1,2,P,-0.048,0.090,2,3,0.289,BiAnHpWp,ShSb,Fl,NA,FlAt,NA,Se,Sh,NA,6,6,6,4,9,HfMi,NA,Pt,RcShNsHs,DaDr,Sh
202,Cupido_minimus,Lycaenidae,L,BuSu,BuGl,1,2,P,-0.062,0.107,3,3,0.105,BiAnHpWp,ShThSb,Fl,Ol,FlAt,MpSs,Se,ShTh,Li,6,6,6,4,9,HfAnMiHc,StGrShThExCoHf,Pn,ThSbPs,Dr,BeShTh
203,Cupido_minimus_carswelli,Lycaenidae,L,Bu,GlFl,1,1,NA,-0.061,-0.044,NA,1,0.177,BiAnHp,Sh,NA,NA,NA,NA,NA,NA,NA,3,3,3,4,6,NA,NA,NA,NA,NA,NA
204,Cupido_lorquinii,Lycaenidae,L,Bu,GlFl,1,1,P,-0.059,0.063,1,1,1.000,BiAnHp,Sh,Bu,Ol,FlAt,NA,NA,ShTh,NA,3,3,3,4,6,HfMiHc,NA,NA,NA,NA,NA
205,Luthrodes_galba,Lycaenidae,NA,NA,NA,3,3,NA,-0.068,0.029,2,3,0.289,NA,NA,FlBu,NA,NA,NA,NA,Sh,NA,9,9,9,3,11,NA,NA,NA,NA,NA,NA
206,Freyeria_trochylus,Lycaenidae,NA,NA,NA,3,3,P,-0.072,0.014,2,2,0.707,An,Sh,NA,NA,NA,NA,NA,NA,NA,8,8,8,3,10,Hf,NA,NA,NA,NA,NA
207,Plebejus_argus,Lycaenidae,E,SuSs,BuAt,1,2,O,-0.049,0.125,15,4,0.069,HpWp,ShThSb,FlLeBu,SiOl,GlFlAt,LpMpSs,Se,BgSh,Li,4,4,4,5,8,HfAnMiHc,BgStExCoHf,PaPn,RcBeGrPs,Dr,BeSh
208,Plebejus_idas,Lycaenidae,E,Ss,BuAt,1,2,O,-0.046,0.084,8,4,0.041,HpWp,ShSbTr,Le,NA,FlAt,NA,Se,Sh,NA,5,5,5,5,9,Hf,GrShThSbExCoHnHf,Pa,NA,DaDr,BeSh
209,Plebejus_bellieri,Lycaenidae,L,SuSs,GlFl,1,1,N,-0.048,-0.001,1,3,0.354,Wp,Sb,NA,NA,NA,NA,NA,NA,NA,3,3,3,6,8,Hf,NA,NA,NA,NA,NA
210,Plebejus_martini,Lycaenidae,NA,NA,NA,1,1,O,-0.038,0.013,2,2,0.577,Hp,Sh,NA,NA,FlAt,NA,NA,Sh,NA,1,3,1.5,5,7,NA,NA,NA,NA,NA,NA
211,Plebejus_allardi,Lycaenidae,NA,NA,NA,1,1,NA,-0.040,0.003,1,1,1.000,NA,NA,NA,NA,NA,NA,NA,NA,NA,3,4,3,3,6,NA,NA,NA,NA,NA,NA
212,Plebejus_vogelii,Lycaenidae,NA,NA,NA,2,2,NA,-0.049,-0.042,1,1,1.000,Hp,Sh,NA,NA,GlFlAt,NA,NA,Sh,NA,5,6,5,4,9,HfHc,NA,NA,NA,NA,NA
213,Plebejus_argyrognomon,Lycaenidae,EL,Ss,GlFl,1,2,P,-0.034,-0.006,2,3,0.224,BiHp,ShTh,Le,Si,FlAt,NA,Se,Sh,NA,4,4,4,5,8,Hf,NA,Pa,NA,DaDr,BeShGr
214,Agriades_orbitulus,Lycaenidae,L,SsTs,NA,1,1,NA,-0.050,-0.024,3,3,0.258,Hp,Sh,NA,NA,NA,NA,Se,ShTh,NA,3,3,3,6,8,Mi,SbTcHf,NA,NA,NA,BeShTh
215,Agriades_optilete,Lycaenidae,L,Ss,Fl,1,1,N,-0.046,0.026,3,3,0.218,Wp,Sb,FlLe,NA,GlFl,NA,Se,Sh,NA,3,3,3,6,8,HfSfAn,ShThSbExHnHf,NA,NA,DaDr,BeShGrSb
216,Agriades_pyrenaicus,Lycaenidae,L,Su,Gl,1,1,N,-0.047,-0.019,1,1,1.000,Hp,Sh,FlLeBu,NA,Gl,NA,Se,ShTh,NA,2,4,3,5,8,HfMi,NA,NA,NA,Da,Sh
217,Agriades_dardanus,Lycaenidae,NA,NA,NA,1,1,NA,-0.057,-0.006,1,2,0.577,NA,NA,NA,NA,NA,NA,NA,NA,NA,4,3,4,6,8,NA,NA,NA,NA,NA,NA
218,Agriades_zullichi,Lycaenidae,L,BuSuSs,BuGl,1,1,N,-0.060,-0.013,1,1,1.000,Hp,Sh,FlLe,NA,BuGlFl,NA,Se,Sh,NA,3,3,3,6,8,Hf,NA,Pa,NA,NA,NA
219,Agriades_glandon,Lycaenidae,L,Ss,BuGl,1,1,N,-0.049,-0.016,2,2,0.354,Hp,Sh,FlLe,NA,Fl,NA,NA,Sh,NA,2,2,2,7,8,HfHc,BgHfMs,Pa,RcBe,Da,Sh
220,Agriades_aquilo,Lycaenidae,L,NA,NA,0.5,1,N,-0.061,-0.005,3,4,0.289,Hp,Sh,FlLe,NA,Fl,NA,NA,NA,NA,3,3,3,6,8,NA,NA,Pt,Rc,NA,NA
221,Plebejidea_loewii,Lycaenidae,NA,NA,NA,1,1,NA,-0.036,-0.046,1,2,0.707,NA,NA,NA,NA,NA,NA,NA,NA,NA,3,8,3.5,2,9,Hf,NA,NA,NA,NA,NA
222,Eumedonia_eumedon,Lycaenidae,L,Ss,Gl,1,1,O,-0.037,0.026,1,2,0.218,Hp,Sh,FlLe,NA,GlFlAt,NA,Se,Sh,NA,4,4,4,5,8,HfHc,GrExCoHf,NA,NA,Da,BeShTh
223,Kretania_psylorita,Lycaenidae,NA,NA,NA,1,1,NA,-0.055,-0.036,2,2,0.577,NA,NA,NA,NA,Fl,NA,NA,ShTh,NA,2,3,2,5,7,Hf,NA,NA,NA,NA,NA
224,Kretania_hesperica,Lycaenidae,L,Su,BuAt,1,1,P,-0.038,0.022,1,2,0.500,Hp,Sh,Le,NA,FlAt,NA,NA,Sh,NA,4,4,4,4,7,HfMi,NA,NA,NA,NA,NA
225,Kretania_eurypilus,Lycaenidae,L,SsTs,NA,1,1,NA,-0.034,-0.067,2,1,0.447,NA,NA,NA,NA,FlAt,NA,NA,ShTh,Li,2,2,2,6,7,NA,NA,Pt,GrThHs,NA,NA
226,Kretania_trappi,Lycaenidae,L,NA,NA,1,1,NA,-0.033,0.022,1,2,0.707,NA,NA,NA,NA,GlFlAt,NA,NA,Sh,NA,3,3,3,6,8,NA,NA,NA,NA,NA,NA
227,Kretania_sephirus,Lycaenidae,L,NA,Gl,1,1,P,-0.033,0.016,2,2,0.577,Hp,Sh,NA,NA,NA,NA,Se,ShTh,Sh,4,4,4,5,8,Hf,NA,NA,NA,NA,NA
228,Kretania_pylaon,Lycaenidae,L,BuSu,BuGl,1,1,NA,-0.042,-0.075,1,1,1.000,NA,NA,FlLeBu,NA,FlAt,NA,Se,Sh,NA,2,2,2,5,6,HfHc,NA,NA,NA,NA,NA
229,Cyaniris_semiargus,Lycaenidae,L,Ss,Gl,1,1.5,O,-0.038,0.076,1,3,0.169,BiAnHp,ShTh,FlLeSt,SiOl,FlAt,NA,Se,Sh,NA,6,6,6,5,10,Hf,NA,NA,NA,Da,BeGr
230,Glabroculus_cyane,Lycaenidae,NA,NA,NA,1,1,NA,-0.035,0.058,2,3,NA,Hp,Sh,NA,NA,Gl,NA,NA,Sh,NA,2,3,2.5,6,8,Hf,NA,NA,NA,DaDr,ShTh
231,Aricia_morronensis,Lycaenidae,L,Ss,Gl,1,2,P,-0.042,-0.026,1,2,0.577,BiAn,Sh,Le,NA,FlAt,NA,Se,Sh,NA,4,4,4,5,8,HfHc,NA,NA,NA,DaDr,BeSh
232,Aricia_anteros,Lycaenidae,L,NA,NA,1,3,NA,-0.037,0.078,4,3,0.289,Hp,Sh,Le,NA,FlAt,NA,Se,Sh,Sh,5,5,5,5,9,Hf,NA,NA,NA,NA,NA
233,Aricia_cramera,Lycaenidae,ELPA,Ss,NA,2,3,P,-0.054,0.082,4,4,0.112,AnHp,Sh,Le,NA,GlFlAt,NA,Se,Sh,NA,7,12,9.5,1,12,HfMi,NA,NA,NA,Da,ShGr
234,Aricia_nicias,Lycaenidae,L,Ss,Gl,1,1,NA,-0.053,0.006,1,2,0.707,Hp,Sh,FlLe,NA,FlAt,NA,Se,ShTh,NA,2,2,2,7,8,HfHc,GrShThSbHnHf,NA,NA,DaDr,Sh
235,Aricia_artaxerxes,Lycaenidae,L,SuSs,BuGl,1,1,P,-0.049,0.081,3,4,0.056,AnHp,Sh,Le,SiOl,GlFlAt,MpSs,Se,Sh,Li,4,4,4,6,9,HfHc,StShThExCoHf,Pa,GrPs,Da,BeShGr
236,Aricia_montensis,Lycaenidae,L,Su,NA,1,1,NA,-0.042,0.041,2,4,0.183,NA,NA,Le,NA,NA,NA,NA,NA,NA,4,4,4,6,9,HfMi,NA,NA,NA,NA,NA
237,Aricia_agestis,Lycaenidae,L,SuSs,BuGlAt,1,3,P,-0.048,0.014,5,4,0.102,AnHp,Sh,Le,SiOl,GlFlAt,MpSs,Se,Sh,Li,7,7,7,4,10,HfAnMiHc,GrShThExCoHf,PaPn,GrPs,Da,BeShGr
238,Lysandra_hispana,Lycaenidae,E,Ss,Gl,2,2,M,-0.023,-0.023,2,1,1.000,Hp,Sh,Le,NA,FlAt,NA,Se,Sh,NA,7,7,7,4,10,HfMiHc,NA,NA,NA,DaDr,BeSh
239,Lysandra_corydonius,Lycaenidae,L,NA,BuGl,1,1,NA,-0.021,-0.040,2,3,NA,NA,NA,Le,NA,GlFl,NA,Se,ShTh,NA,3,3,3,7,9,HfHc,NA,NA,NA,NA,NA
240,Lysandra_bellargus,Lycaenidae,L,SuSs,BuGlAt,1,3,P,-0.031,0.011,4,3,0.183,HpWp,ShThSb,Le,SiOl,GlAt,LpMpSs,Se,BgSh,Li,7,7,7,4,10,HfAnMiHc,StThExCoHf,Pa,GrNsHs,Dr,BeSh
241,Lysandra_punctifera,Lycaenidae,L,NA,NA,2,2,P,-0.030,-0.014,2,1,1.000,Hp,Sh,NA,NA,FlAt,NA,NA,Sh,NA,4,8,5.5,3,10,Hf,NA,NA,NA,NA,NA
242,Lysandra_coridon,Lycaenidae,E,SuSs,BuGlAt,1,2,P,-0.026,-0.004,3,3,1.000,Hp,ShTh,Le,SiOl,GlAt,LpMpSs,Se,BgSh,Li,3,3,3,7,9,HfAnMiHc,StGrShThExCoHf,Pa,GrNsHs,Dr,BeSh
243,Lysandra_caelestissima,Lycaenidae,NA,NA,NA,1,1,NA,-0.029634904,0.083842834,1,1,1.000,NA,NA,NA,NA,NA,NA,NA,NA,NA,2,2,2,7,8,NA,NA,NA,NA,NA,NA
244,Lysandra_albicans,Lycaenidae,E,Ss,Gl,1,1,O,-0.012,0.044,1,1,1.000,Hp,Sh,Le,NA,FlAt,NA,NA,Sh,NA,3,3,3,6,8,HfMi,NA,NA,NA,NA,NA
245,Neolysandra_coelestina,Lycaenidae,L,NA,NA,1,1,NA,-0.049,-0.040,1,3,0.707,Hp,Th,NA,NA,NA,NA,Se,Sh,Li,2,2,2,5,6,HfHc,NA,NA,NA,NA,NA
246,Polyommatus_escheri,Lycaenidae,L,SsTs,Gl,1,1,P,-0.029,0.015,2,2,0.500,Hp,Sh,FlLe,NA,GlFlAt,NA,Se,ShTh,NA,3,3,3,5,7,Hf,NA,NA,NA,DaDr,BeSh
247,Polyommatus_thersites,Lycaenidae,L,Ss,Gl,1,3,P,-0.040,0.059,2,2,0.500,Hp,Sh,FlLeSt,SiOl,GlFlAt,NA,Se,Sh,NA,7,7,7,4,10,Hf,NA,NA,NA,DaDr,ShGr
248,Polyommatus_daphnis,Lycaenidae,E,SuSs,Gl,1,1,P,-0.015,-0.034,3,4,0.129,Hp,ShTh,LeSt,Si,GlFlAt,NA,Se,BgSh,NA,3,3,3,6,8,HfMi,NA,NA,NA,DaDr,ShTh
249,Polyommatus_amandus,Lycaenidae,L,Su,Gl,1,2,M,-0.022,0.003,2,3,0.204,AnHp,ShTh,Le,NA,GlFlAt,NA,Se,Sh,NA,3,3,3,5,7,HfMi,GrExHf,Pt,NA,DaDr,BeSh
250,Polyommatus_golgus,Lycaenidae,L,SuSs,BuGl,1,1,M,-0.044,0.010,1,1,1.000,BiAnHp,Sh,FlLeBu,SiOl,BuGlFlAt,NA,Se,Sh,NA,2,2,2,6,7,Hf,NA,PaPtLe,NA,NA,NA
251,Polyommatus_atlanticus,Lycaenidae,NA,NA,NA,2,2,NA,-0.035,-0.040,1,1,1.000,BiAnHp,Sh,NA,NA,NA,NA,NA,Sh,NA,4,5,4,5,9,HfMi,NA,NA,NA,NA,NA
252,Polyommatus_nivescens,Lycaenidae,L,Su,Gl,1,1,M,-0.030,0.018,1,1,1.000,BiAnHp,Sh,Le,NA,GlFlAt,NA,Se,Sh,NA,4,4,4,5,8,HfMi,NA,NA,NA,DaDr,BeShGr
253,Polyommatus_dorylas,Lycaenidae,L,SuSs,Gl,1,2,P,-0.028,-0.007,1,4,0.204,BiAnHp,Sh,Le,NA,GlFlAt,NA,Se,Sh,Sh,4,4,4,5,8,Hf,BgStGrHf,NA,NA,Da,Be
254,Polyommatus_celina,Lycaenidae,L,Su,NA,3,3,NA,-0.040,0.150,1,1,1.000,BiAnHpWp,ShThSb,FlLe,NA,NA,NA,NA,NA,NA,11,11,11,2,12,HfMi,NA,NA,NA,DaDr,ShTh
255,Polyommatus_icarus,Lycaenidae,L,Su,BuGlAt,1,3,P,-0.035,0.112,12,3,0.144,AnHpWp,ShSb,Le,SiOl,GlFlAt,LpMpSs,Se,Sh,Li,7,7,7,4,10,HfAnMiHc,GrShExCoHf,PaPn,GrNsHsPs,DaDr,BeShGrTh
256,Polyommatus_icarus_andronicus,Lycaenidae,NA,NA,NA,1,1,NA,-0.036,0.095,NA,NA,NA,NA,NA,NA,NA,NA,NA,NA,NA,NA,2,2,2,6,7,Hf,NA,NA,NA,NA,NA
257,Polyommatus_eros,Lycaenidae,L,Ss,Gl,1,1,P,-0.040,0.035,2,3,0.408,HpWp,ShSb,FlLeSt,SiOl,FlAt,NA,Se,Sh,NA,3,3,3,7,9,HfMi,NA,NA,NA,DaDr,BeSh
258,Polyommatus_damon,Lycaenidae,EL,Ss,Gl,1,1,P,-0.033,0.029,1,2,0.447,Hp,Sh,Le,NA,GlAt,NA,Se,Sh,NA,2,2,2,7,8,HfMi,NA,NA,NA,DaDr,ShGr
259,Polyommatus_damone,Lycaenidae,NA,NA,Bu,1,3,NA,-0.037,-0.010,1,2,NA,NA,NA,Le,NA,Gl,NA,Se,Sh,NA,3,5,4,5,9,NA,NA,NA,NA,NA,NA
260,Polyommatus_damocles,Lycaenidae,NA,NA,NA,1,1,NA,-0.033,-0.037,1,2,NA,NA,NA,NA,NA,NA,NA,NA,NA,NA,2,3,2.5,6,8,NA,NA,NA,NA,NA,NA
261,Polyommatus_admetus,Lycaenidae,L,BuSu,NA,1,1,P,-0.025,0.027,1,2,0.707,AnHp,Sh,NA,NA,BuGlFlAt,NA,NA,NA,NA,3,3,3,6,8,Hf,NA,NA,NA,NA,NA
262,Polyommatus_ripartii,Lycaenidae,L,Ss,Bu,1,1,P,-0.033,0.060,1,2,0.447,Hp,Sh,Le,NA,GlFlAt,NA,Se,Sh,NA,4,4,4,6,9,Hf,NA,NA,NA,DaDr,ShGr
263,Polyommatus_nephohiptamenos,Lycaenidae,NA,NA,NA,1,1,NA,-0.035,-0.020,1,1,1.000,Hp,Sh,NA,NA,NA,NA,NA,NA,NA,2,2,2,7,8,NA,NA,NA,NA,NA,NA
264,Polyommatus_iphigenia,Lycaenidae,NA,NA,NA,1,1,NA,-0.032,-0.034,1,1,1.000,NA,NA,NA,NA,NA,NA,NA,NA,NA,2,3,2.5,6,8,NA,NA,NA,NA,NA,NA
265,Polyommatus_violetae,Lycaenidae,L,SuSs,Gl,1,1,P,-0.034,0.024,1,1,1.000,Hp,Sh,FlLe,NA,FlAt,NA,NA,Sh,NA,2,2,2,7,8,HfHdMi,GrExCoHf,NA,NA,NA,NA
266,Polyommatus_fulgens,Lycaenidae,L,Su,NA,1,1,NA,-0.032,-0.044,1,1,1.000,Hp,Sh,Le,NA,FlAt,NA,NA,Sh,NA,2,2,2,7,8,Hf,NA,NA,NA,DaDr,BeShGr
267,Polyommatus_fabressei,Lycaenidae,L,NA,NA,1,1,O,-0.033,0.009,1,1,1.000,Hp,Sh,Le,NA,FlAt,NA,NA,Sh,NA,3,3,3,6,8,HfMi,NA,NA,NA,NA,NA
268,Polyommatus_dolus,Lycaenidae,L,Ss,Gl,1,1,NA,-0.020,-0.013,1,1,1.000,Hp,Sh,NA,NA,NA,NA,Se,Sh,NA,2,2,2,7,8,Hf,NA,NA,NA,NA,NA
269,Polyommatus_dolus_virgilius,Lycaenidae,L,NA,NA,1,1,NA,-0.025,-0.002,NA,1,1.000,Hp,Sh,NA,NA,NA,NA,NA,NA,NA,2,2,2,7,8,NA,NA,NA,NA,NA,NA
270,Polyommatus_humedasae,Lycaenidae,L,Su,NA,1,1,NA,-0.028,0.002,1,1,1.000,Hp,Sh,NA,NA,NA,NA,NA,Sh,NA,2,2,2,7,8,Hf,NA,NA,NA,NA,NA
271,Polyommatus_orphicus,Lycaenidae,NA,NA,NA,1,1,P,-0.028,-0.006,NA,2,0.577,NA,NA,NA,NA,NA,NA,NA,NA,NA,4,4,4,6,9,NA,NA,NA,NA,NA,NA
272,Polyommatus_aroaniensis,Lycaenidae,L,NA,NA,1,1,P,-0.034,-0.039,1,1,1.000,Hp,Sh,Fl,NA,FlAt,NA,Se,Sh,NA,3,3,3,6,8,NA,NA,NA,NA,NA,NA
273,Polyommatus_timfristos,Lycaenidae,NA,NA,NA,1,1,NA,-0.026375364,-0.069473831,1,2,NA,NA,NA,NA,NA,NA,NA,NA,NA,NA,1,1,1,7,7,NA,NA,NA,NA,NA,NA
274,Neptis_sappho,Nymphalidae,L,Su,FlSl,1,2,N,0.036,-0.001,2,3,0.408,HpWp,ShTr,Le,SiOl,NA,NA,Se,SbCa,NA,4,5,4.5,5,9,NA,TcExHf,NA,NA,Da,Be
275,Neptis_rivularis,Nymphalidae,L,Sb,Sl,1,1,N,0.041,0.013,4,3,0.258,HpWp,ThSb,Le,SiOl,NA,NA,Se,ShTh,NA,3,4,3.5,5,8,SfHc,NA,NA,NA,Da,BeGrSb
276,Limenitis_reducta,Nymphalidae,L,SbLi,Sl,1,3,N,0.037,0.041,1,2,0.577,Wp,SbLi,Le,Ol,Sl,LpMpSs,Se,Li,LiPs,3,7,5,4,10,HfSfHdSaAnMi,NA,PaPt,SbTcNs,Da,Sb
277,Limenitis_populi,Nymphalidae,L,Tr,Cl,1,1,N,0.115,0.008,1,1,0.577,Wp,Tr,Le,NA,Cl,NA,Se,Ca,LiPs,2,4,2.5,5,8,SaDpAn,NA,NA,TcHsHt,Da,Be
278,Limenitis_camilla,Nymphalidae,L,Li,Sl,1,1,N,0.064,-0.024,2,3,0.289,Wp,SbLi,Le,Ol,SlCl,Ss,Se,Ca,PsSh,2,4,3,6,9,HfErSfHdSaAnMi,TcLiExHnHf,Pa,SbTcLs,Da,BeThSb
279,Issoria_lathonia,Nymphalidae,ELPA,SuSsTs,Fl,1,3,N,0.011,0.013,1,2,0.408,BiAnHp,Sh,FlLe,NA,GlFl,NA,Se,ShTh,NA,4,10,7,2,11,HfMi,NA,Pt,NA,Da,BeShThSb
280,Issoria_eugenia,Nymphalidae,L,NA,NA,1,1,NA,0.001821696,0.041482826,NA,NA,NA,NA,NA,NA,NA,NA,NA,NA,NA,NA,2,3,2.5,6,8,HfMi,NA,NA,NA,Da,BeThSb
281,Brenthis_hecate,Nymphalidae,E,Ss,Fl,1,1,N,0.002,0.041,1,1,0.408,Hp,ShTh,Le,NA,Fl,NA,Se,ShTh,NA,3,4,3,4,7,Hf,NA,Pa,NA,Da,ShTh
282,Brenthis_ino,Nymphalidae,EL,SsTs,Fl,1,1,N,-0.008,0.062,5,3,0.204,Wp,Sb,Le,NA,GlFl,NA,SeSb,ShThSb,NA,2,3,2.5,6,8,HfSf,SbTcCoHnHf,Pa,NA,Da,ShTh
283,Brenthis_daphne,Nymphalidae,EL,Sb,Fl,1,1,N,0.023,0.015,1,2,0.447,HpWp,ShThSb,Le,SiOl,Sl,NA,Se,ShTh,NA,3,4,3.5,5,8,HfSf,NA,Pa,ThSbNs,Da,Th
284,Argynnis_paphia,Nymphalidae,EL,Tr,Fl,1,1,N,0.094,-0.031,1,2,0.258,Hp,Sh,Le,SiOl,Fl,MpSs,Se,Ca,PsSh,2,6,3.5,5,10,HfSfHdMi,TcExHf,PaPn,SbTcHsPsLs,Da,ShGrThSb
285,Argynnis_pandora,Nymphalidae,L,SuSs,BuGl,1,2,N,0.109,0.035,1,2,0.577,BiAnHp,Sh,Le,NA,BuGlFl,NA,Se,BgShTh,NA,3,7,5,4,10,HfAnMi,ShThCo,Pt,NA,Da,BeShThSb
286,Argynnis_laodice,Nymphalidae,L,SuSs,NA,1,1,N,0.058,0.000,1,1,0.707,Hp,Sh,NA,NA,NA,NA,NA,ShThSbTt,NA,2,2,2,7,8,SfMi,NA,NA,NA,Da,BeShThSb
287,Speyeria_aglaja,Nymphalidae,EL,BuSuSbTr,GlFl,1,1,N,0.057,0.070,1,2,0.500,BiAnHp,Sh,Le,SiOl,GlFl,LpMp,Se,BgSh,Li,2,5,3.5,5,9,HfAnMi,GrThExHf,Pa,ShThSbNsHs,Da,ShThSb
288,Fabriciana_elisa,Nymphalidae,EL,Ss,Gl,1,1,N,0.030,-0.043,1,1,1.000,Hp,Sh,NA,NA,Fl,NA,Se,NA,NA,3,3,3,6,8,Hf,NA,NA,NA,NA,Be
289,Fabriciana_niobe,Nymphalidae,EL,SsTs,Fl,1,1,N,0.036,0.031,1,2,0.408,Hp,Sh,NA,NA,Fl,NA,Se,BgSh,NA,1,4,2.5,5,8,Hf,NA,Pa,NA,Da,BeShThSb
290,Fabriciana_adippe,Nymphalidae,EL,SsTsSbTr,Fl,1,1,N,0.051,0.050,1,2,0.500,BiAnHp,Sh,Le,SiOl,Fl,MpSs,Se,BgSh,LiPs,2,5,3.5,5,9,HfSfMi,TcExHf,Pa,BeSbTcHsPs,Da,BeShThSb
291,Fabriciana_auresiana,Nymphalidae,NA,NA,NA,1,1,N,0.048,0.082,1,NA,0.289,NA,NA,NA,NA,NA,NA,NA,Sh,NA,3,3,3,6,8,Hf,NA,NA,NA,Da,NA
292,Boloria_eunomia,Nymphalidae,L,SsTs,Fl,1,1,N,-0.003,0.035,1,1,0.183,Hp,Sh,Le,NA,Fl,NA,SeSb,ShTh,NA,3,4,3,5,8,Hf,NA,NA,NA,Da,ShGr
293,Boloria_graeca,Nymphalidae,L,NA,NA,1,1,N,-0.016,0.006,1,2,1.000,Hp,Sh,NA,NA,Fl,NA,Se,ShThSb,NA,3,5,4,5,9,Hf,NA,NA,NA,Da,BeShTh
294,Boloria_pales,Nymphalidae,L,NA,GlFl,1,1,N,-0.014,0.032,2,1,0.258,AnHp,Sh,Le,NA,Fl,NA,Se,NA,NA,2,4,3,6,9,Hf,NA,NA,NA,Da,NA
295,Boloria_napaea,Nymphalidae,L,NA,Gl,1,1,N,-0.006,0.007,2,4,0.354,Hp,Sh,Le,NA,GlFl,NA,Se,ShTh,NA,3,3,3,6,8,Hf,GrShThHnHf,NA,NA,Da,ShTh
296,Boloria_aquilonaris,Nymphalidae,L,Su,GlFl,1,1,N,-0.019,0.017,2,1,0.289,Wp,Sb,NA,NA,GlFl,NA,Se,ShTh,NA,1,3,2,6,8,Hf,GrShThExCoHf,NA,NA,Da,ShTh
297,Boloria_alaskensis,Nymphalidae,NA,NA,NA,1,1,NA,-0.004429082,0.028009105,1,2,NA,NA,NA,NA,NA,NA,NA,NA,NA,NA,2,2,2,7,8,Hf,NA,NA,NA,Da,BeShTh
298,Boloria_polaris,Nymphalidae,L,Bu,NA,1,1,N,-0.001,0.027,4,4,0.204,NA,NA,Le,NA,NA,NA,Se,NA,NA,1,4,2.5,5,8,NA,BgStGrSh,NA,NA,NA,NA
299,Boloria_tritonia,Nymphalidae,L,NA,NA,1,1,N,0.026429857,0.022470146,1,2,NA,NA,NA,NA,NA,NA,NA,NA,NA,NA,1,3,2,6,8,NA,NA,NA,NA,NA,NA
300,Boloria_thore,Nymphalidae,L,NA,GlFl,1,1.5,N,0.003,-0.016,1,2,0.577,BiAnHp,Sh,Le,NA,Fl,NA,Se,ShTh,NA,1,3,2,6,8,Hf,NA,NA,NA,Da,ShTh
301,Boloria_selene,Nymphalidae,LP,SuSs,Gl,1,2,N,-0.004,0.012,1,2,0.577,Hp,Sh,Le,SiOl,Fl,LpMp,Se,BgSh,Li,2,4,3.5,5,8,HfMi,ThSbExHf,Pa,ShThSbNsHs,Da,ShGrTh
302,Boloria_euphrosyne,Nymphalidae,L,Su,GlFl,1,2,N,-0.001,0.006,1,2,0.577,Hp,Sh,Le,SiOl,Fl,LpMp,Se,BgSh,LiPs,2,6,4,4,9,Hf,ThSbExHf,Pa,ShThSbTcNsHs,Da,BeGrThSb
303,Boloria_dia,Nymphalidae,L,Su,Fl,2,3,N,-0.022,-0.033,1,2,0.447,Hp,Sh,Le,NA,Fl,NA,Se,ShTh,NA,4,7,5.5,3,9,Hf,GrExCoHf,Pa,ShGrNs,Da,Sh
304,Boloria_improba,Nymphalidae,L,NA,NA,1,1,N,-0.026,0.040,2,1,0.500,Hp,Sh,NA,NA,Fl,NA,NA,ShTh,NA,1,3,2,6,8,Hf,BgStHf,NA,NA,Da,Sh
305,Boloria_frigga,Nymphalidae,L,Bu,FlSl,1,1,N,0.001,0.060,2,1,0.707,Hp,Sh,NA,NA,Sl,NA,Se,ShTh,NA,2,2,2,6,7,Hf,NA,NA,NA,Da,ShGr
306,Boloria_freija,Nymphalidae,L,Bu,FlSl,1,1,N,-0.006,0.050,5,4,0.158,HpWp,ShSb,NA,NA,Sl,NA,Se,ShThSb,NA,2,4,2.5,5,8,Hf,NA,NA,NA,Da,Be
307,Boloria_oscarus,Nymphalidae,L,NA,NA,1,1,N,0.015,-0.009,1,2,NA,NA,NA,NA,NA,NA,NA,NA,NA,NA,2,4,3,5,8,NA,NA,NA,NA,NA,NA
308,Boloria_selenis,Nymphalidae,NA,NA,NA,1,1,N,-0.001,0.003,1,NA,NA,NA,NA,NA,NA,NA,NA,NA,NA,NA,3,3,3,6,8,NA,NA,NA,NA,Da,Sh
309,Boloria_titania,Nymphalidae,EL,NA,Gl,1,1,N,0.004,0.049,2,1,0.500,Wp,Sb,Le,NA,Fl,NA,Se,NA,NA,3,3,3,6,8,HfHc,NA,NA,NA,Da,ShTh
310,Boloria_chariclea,Nymphalidae,NA,NA,NA,1,1,N,-0.010,-0.009,2,4,0.354,NA,NA,NA,NA,NA,NA,NA,BgSh,NA,1,3,1.5,6,8,Hf,NA,NA,NA,NA,NA
311,Boloria_angarensis,Nymphalidae,L,NA,NA,NA,NA,NA,-0.00369442,-0.018792892,2,4,NA,NA,NA,NA,NA,NA,NA,NA,NA,NA,2,3,2.5,6,8,NA,NA,NA,NA,NA,NA
312,Apatura_iris,Nymphalidae,L,SbTr,Sl,1,1,N,0.106,-0.008,1,3,0.316,Wp,SbTr,Le,Ol,Sl,MpSs,Se,Sb,PsSh,2,3,2.5,6,8,HfHdSaAnMi,SbTcExHnHf,Pt,ThTcNsPsLs,Da,BeSb
313,Apatura_metis,Nymphalidae,L,SbTr,Cl,1,2,N,0.069,-0.020,1,1,1.000,Wp,Tr,Le,NA,SlCl,NA,Se,SbCa,Sh,4,4,4,5,8,HfSfHdAnMi,TcHn,Pa,Tc,NA,NA
314,Apatura_ilia,Nymphalidae,L,SbTr,SlCl,1,2,N,0.091,-0.041,2,3,0.267,Wp,SbTr,Le,NA,SlCl,NA,Se,Ca,NA,3,6,4.5,5,10,HfHdSaAnMi,TcCoHn,NA,NA,Da,BeSb
315,Araschnia_levana,Nymphalidae,P,SsTsSb,Fl,1,3,N,-0.009,0.100,1,2,0.707,Hp,ShTh,Le,NA,Fl,NA,Lb,Th,Sh,4,6,5,4,9,HfSf,BgShThTcExHf,Pa,BeShHs,Da,BeShTh
316,Vanessa_virginiensis,Nymphalidae,L,SuSs,FlSl,3,3,N,0.010,-0.016,1,4,0.048,BiAnHpWp,ShThSbTrLi,Le,Si,Fl,Ss,Se,Sh,NA,10,12,10,1,12,NA,NA,NA,NA,NA,NA
317,Vanessa_cardui,Nymphalidae,A,SsTsSbTr,Fl,1,3,N,0.055,0.064,7,4,0.083,BiAnHp,ShTh,Le,Ol,Fl,LpMpSs,Se,Th,Li,4,12,8,1,12,HfSfHdHc,ThSbExHnHf,PaPn,RcBeThNsHsPsHt,Da,BeGrThSb
318,Vanessa_vulcania,Nymphalidae,ELPA,SuSsSbTr,Fl,3,3,N,0.064,-0.053,2,3,0.289,AnHp,ShTh,NA,NA,Fl,NA,Se,Th,PsSh,12,12,12,1,12,Hf,NA,NA,NA,NA,NA
319,Vanessa_atalanta,Nymphalidae,A,SsTsSbTrLi,Fl,1,3,N,0.065,0.050,3,3,0.316,AnHp,ShTh,Le,SiOl,Fl,LpMp,Se,Th,Li,5,12,8.5,1,12,HfSfHdSaDpAnMi,TtShThSbHnHf,Pt,RcThSbNsPsLsHt,Da,BeShGrThSb
320,Aglais_io,Nymphalidae,A,TsSbTrLi,Fl,1,3,N,0.061,0.047,3,4,0.236,Hp,ShThLi,Le,SiOl,Fl,LpMp,Lb,Th,Li,6,9,7.5,2,10,HfSfDpAnMi,TtShSbHfMs,PnPt,ThHsPs,Da,BeShGrThSb
321,Aglais_urticae,Nymphalidae,A,TsSbTrLi,Fl,1,3,N,0.021,-0.014,1,2,0.707,Hp,ShTh,Le,SiOl,Fl,LpMp,Lb,Th,Li,4,10,7,2,11,HfSfDpAnMi,TtThSbHnHfMs,PnPt,BeGrThHsPsHt,Da,BeShThSb
322,Aglais_ichnusa,Nymphalidae,A,NA,NA,2,2,N,0.032,0.061,1,2,0.577,Hp,ShTh,NA,NA,NA,NA,NA,Th,Li,8,8,8,3,10,Hf,NA,NA,NA,Da,BeSh
323,Polygonia_egea,Nymphalidae,A,Bu,NA,1,3,N,0.024,-0.046,2,2,0.577,Hp,Sh,Bu,NA,Fl,NA,SeSb,ShTh,Li,6,11,8.5,1,11,Hf,NA,NA,NA,Da,Be
324,Polygonia_c-album,Nymphalidae,A,TsSbTrLi,FlSl,1,3,N,0.029,0.036,8,4,0.050,HpWp,ShThSbTrLi,Le,Ol,FlSlCl,MpSs,Se,ThLi,Ps,2,10,6,2,11,HfSfHdSaDpAnMi,TtThSbHf,PnPt,ThSbHsPs,Da,BeShGrThSb
325,Nymphalis_vaualbum,Nymphalidae,A,Tr,SlCl,1,1,N,0.075,-0.017,4,4,0.354,HpWp,SbTr,Le,NA,Cl,NA,Lb,SbCa,NA,2,5,3.5,3,7,DpMi,BgTtHf,PaPt,NA,Da,Be
326,Nymphalis_polychloros,Nymphalidae,A,SbTr,Sl,1,1,N,0.069,-0.021,9,4,0.136,Wp,SbTr,Le,Ol,SlCl,LpMp,Lb,ThCa,Ps,3,10,6.5,1,10,HfSfSaDpAnMi,TcExHnHfMs,Pt,TcHsPsLs,Da,ThSb
327,Nymphalis_xanthomelas,Nymphalidae,A,SbTrLi,NA,1,1,N,0.074,-0.036,2,3,0.707,Wp,SbTr,NA,NA,Cl,NA,Lb,SbCa,NA,3,6,4.5,4,9,SaDp,NA,NA,NA,Da,BeSh
328,Nymphalis_antiopa,Nymphalidae,A,Tr,FlSlCl,1,1.5,N,0.106,0.005,4,3,0.192,Wp,SbTr,Le,NA,SlCl,NA,Lb,TtCa,NA,2,9,5.5,3,11,HfSfHdSaDpAnMiHc,NA,PaPt,Ps,Da,Be
329,Hypolimnas_misippus,Nymphalidae,ELPA,SsTsSbTr,NA,3,3,N,0.117,0.032,7,4,NA,NA,NA,NA,NA,NA,NA,NA,NA,NA,6,12,9,1,12,NA,NA,NA,NA,NA,NA
330,Euphydryas_desfontainii,Nymphalidae,L,SsTs,Fl,1,1,N,0.015,0.043,5,3,1.000,BiHp,Sh,Le,Ol,Fl,MpSs,Lb,ShTh,Li,3,3,3,4,6,Hf,SbTcHf,Pa,ShGrThNsHs,Da,BeShGrTh
331,Euphydryas_aurinia,Nymphalidae,L,TsSbLi,GlFl,1,1,N,-0.004,0.098,9,4,0.102,BiHp,ShTh,Le,Ol,GlFl,LpMp,Lb,Th,Li,2,5,3.5,4,8,Hf,ThExHf,PaPnPt,ShGrThPsLs,Da,ShGrTh
332,Euphydryas_cynthia,Nymphalidae,L,BuSsTsSb,Bu,0.5,1,N,-0.009,0.051,4,4,0.289,Hp,Sh,NA,NA,GlFl,NA,SbLb,Sh,NA,3,3,3,6,8,Hf,NA,NA,NA,Da,Be
333,Euphydryas_iduna,Nymphalidae,L,SuSs,NA,1,1,N,-0.004,0.020,6,3,0.316,AnHp,ShThSb,NA,NA,Fl,NA,Sb,ShThSb,NA,2,2,2,6,7,NA,NA,Pa,NA,Da,Be
334,Euphydryas_maturna,Nymphalidae,LP,SuSs,Gl,0.5,1,N,0.002,0.018,10,4,0.046,HpWp,ShThSbTr,LeSt,SiOl,GlFlCl,NA,Lb,Ca,Sh,2,3,2.5,5,7,HfHd,Tc,Pt,SbHsPs,Da,Be
335,Euphydryas_intermedia,Nymphalidae,L,Sb,FlSl,0.5,1,N,0.001,-0.042,1,2,0.577,Wp,SbLi,Le,NA,GlSl,NA,SbLb,Sb,NA,3,3,3,6,8,Hf,NA,NA,NA,NA,NA
336,Melitaea_trivia,Nymphalidae,L,Su,Gl,1,3,N,-0.017,0.053,2,2,0.447,BiHp,ShTh,Le,NA,Fl,NA,Lb,Sh,NA,2,8,5,3,10,HfMi,NA,PaPn,BeHt,Da,BeSh
337,Melitaea_didyma,Nymphalidae,L,SuSsTs,Gl,1,3,N,-0.005,0.116,9,4,0.051,BiAnHp,ShTh,FlLe,NA,Fl,NA,Lb,ShTh,NA,3,8,5.5,3,10,Hf,ShExHn,PaPn,RcBe,Da,BeSh
338,Melitaea_deserticola,Nymphalidae,NA,NA,NA,1,3,N,0.001,0.050,3,4,0.102,HpWp,ShThSb,NA,NA,NA,NA,NA,NA,NA,2,5,3,2,6,NA,NA,NA,NA,Da,NA
339,Melitaea_arduinna,Nymphalidae,L,Su,GlFl,1,1,N,0.016,-0.038,1,2,0.577,AnHpWp,ShThSb,LeSt,Ol,Gl,NA,Lb,Sh,Sh,3,4,3.5,5,8,Hf,NA,Pa,NA,Da,BeSh
340,Melitaea_aetherie,Nymphalidae,L,SuSs,GlFl,1,2,N,0.014,-0.024,4,3,0.408,BiHp,Sh,Le,NA,NA,NA,SbLb,ShTh,NA,2,6,2.5,4,9,HfMi,NA,NA,NA,Da,ShTh
341,Melitaea_phoebe,Nymphalidae,L,SuSs,Gl,1,2,N,0.013,0.071,5,4,0.154,BiAnHp,ShTh,Le,NA,Fl,NA,Lb,ShTh,NA,2,7,4.5,3,9,HfMi,ShThExCoHf,PaPt,ShGrThHsPs,Da,BeSh
342,Melitaea_ornata,Nymphalidae,L,SsTs,Gl,1,1,N,0.004,-0.015,3,3,0.289,BiAnHpWp,ShTh,Le,NA,Fl,NA,Lb,ShTh,NA,4,4,4,4,7,Hf,ShThExCoHf,NA,NA,Da,ShTh
343,Melitaea_cinxia,Nymphalidae,L,SuSsTs,Fl,1,2,N,-0.003,0.014,4,3,0.289,Hp,Sh,Le,SiOl,GlFl,LpMp,Lb,Sh,Li,2,7,4,3,9,Hf,ThExCoHf,PaPt,ShThNsHs,Da,ShGr
344,Melitaea_diamina,Nymphalidae,L,SuSs,GlFl,1,2,N,-0.012,0.051,6,4,0.126,Hp,ShTh,FlLe,NA,GlFl,Lp,Lb,ShTh,PsSh,1,6,3.5,4,9,HfAnMi,NA,Pa,NA,Da,ShGr
345,Melitaea_celadussa,Nymphalidae,L,Ss,GlFl,1,2,N,-0.009,0.056,7,4,0.102,AnHp,Sh,Le,NA,NA,NA,NA,NA,NA,2,4,3,5,8,HfMi,NA,NA,NA,NA,NA
346,Melitaea_deione,Nymphalidae,L,Su,Gl,1,2,N,-0.004,0.101,3,4,0.120,BiAnHpWp,ShSb,Le,NA,GlFl,NA,SbLb,ShSb,NA,3,6,4.5,4,9,HfMi,NA,NA,NA,Da,BeShTh
347,Melitaea_britomartis,Nymphalidae,L,Ts,Fl,1,1,N,-0.027,-0.007,3,4,0.224,Hp,Sh,Le,NA,Fl,NA,Lb,Sh,NA,2,4,3,5,8,Hf,NA,Pa,NA,Da,ShTh
348,Melitaea_aurelia,Nymphalidae,L,SuSs,Gl,1,1,N,-0.032,0.004,4,4,0.083,BiAnHp,ShThSb,Le,NA,Fl,Mp,SbLb,ThSb,Li,2,2,2,6,7,Hf,NA,NA,NA,Da,BeShTh
349,Melitaea_athalia,Nymphalidae,L,SuSs,Fl,1,1.5,N,-0.004,0.002,7,4,0.107,BiAnHp,ShTh,Le,Ol,Fl,LpMp,Lb,Sh,LiPs,2,5,3.5,5,9,HfAn,GrExHf,Pa,ShThHs,Da,ShGrThSb
350,Melitaea_varia,Nymphalidae,L,NA,Gl,0.5,1,N,-0.026,0.001,3,4,0.289,Hp,Sh,NA,NA,GlFl,NA,SbLb,ShTh,LiPs,3,3,3,6,8,Hf,GrHf,PaPt,RcBeShGrThNs,Da,Be
351,Melitaea_parthenoides,Nymphalidae,L,SuSs,Gl,1,2,N,-0.019,0.030,1,2,0.105,BiAnHp,Sh,Le,NA,Fl,NA,SbLb,Sh,Sh,2,5,3,5,9,HfAnMi,GrShExHf,Pa,ShGrThPs,Da,Gr
352,Melitaea_asteria,Nymphalidae,L,NA,Gl,0.5,0.5,N,-0.042,-0.031,1,1,1.000,Hp,Sh,NA,NA,GlFl,NA,SbLb,Sh,NA,2,2,2,7,8,Hf,NA,NA,NA,Da,Gr
353,Libythea_celtis,Nymphalidae,A,Tr,Cl,1,1.5,N,0.006,0.028,2,1,0.707,Wp,Tr,Le,NA,Cl,NA,Se,Ca,NA,5,8,6.5,3,10,HfMi,NA,NA,NA,Da,Sb
354,Danaus_plexippus,Nymphalidae,ELPA,Su,Sl,3,3,N,0.171,-0.006,6,3,0.500,BiAnHp,Th,Le,NA,Fl,NA,Se,NA,NA,10,12,11,1,12,HfSfHc,NA,NA,NA,NA,NA
355,Danaus_chrysippus,Nymphalidae,ELPA,NA,FlSl,3,3,N,0.113,0.013,9,4,0.354,BiAnHp,ShThLi,Le,NA,Fl,NA,NA,Th,NA,9,12,10.5,1,12,Hf,NA,NA,NA,Da,NA
356,Charaxes_jasius,Nymphalidae,L,SbTr,SlCl,1,2,N,0.148,-0.022,6,4,0.102,AnWp,ThSbTr,Le,Ol,Cl,LpMpSs,SeSb,SbCa,LiPs,5,8,6.5,3,10,DpAnMi,NA,Pt,SbHt,Da,Be
357,Coenonympha_phryne,Nymphalidae,LP,NA,NA,1,1,N,-0.022741644,0.016376876,1,1,NA,NA,NA,NA,NA,NA,NA,NA,NA,NA,2,3,2.5,4,6,NA,NA,Pa,Gr,NA,NA
358,Coenonympha_oedippus,Nymphalidae,L,Ss,Fl,1,1,N,0.000,0.033,4,2,0.258,AnHp,Sh,Le,NA,Fl,NA,Se,Sh,NA,3,3,3,6,8,HfSfHd,SbHf,NA,NA,La,GrSb
359,Coenonympha_dorus,Nymphalidae,L,SsTs,Gl,1,1,N,-0.027,0.005,5,3,0.169,Hp,Sh,Le,NA,Fl,NA,Se,Sh,NA,3,3,3,6,8,HfAn,NA,PaPn,RcBeGr,La,BeGr
360,Coenonympha_fettigii,Nymphalidae,NA,NA,NA,1,1,N,-0.037,0.005,NA,1,1.000,NA,NA,NA,NA,NA,NA,NA,NA,NA,3,3,3,6,8,NA,NA,NA,NA,NA,NA
361,Coenonympha_thyrsis,Nymphalidae,L,NA,Fl,1,3,N,-0.039,0.063,NA,NA,0.289,NA,NA,NA,NA,Fl,NA,NA,NA,NA,3,7,5,4,10,Hf,NA,NA,NA,La,NA
362,Coenonympha_pamphilus,Nymphalidae,L,SuSsTs,Fl,1,3,N,-0.041,0.048,6,3,0.096,AnHp,ShTh,Le,SiOl,Fl,LpMpSs,Se,Sh,Ps,4,10,7,2,11,Hf,StGrThSbExHf,PaPnPtLe,RcBeShGrHsPs,La,BeShGr
363,Coenonympha_tullia,Nymphalidae,L,SuSs,Fl,1,1,N,-0.017,0.073,4,3,0.115,Hp,Sh,Le,SiOl,Fl,LpMpSs,Se,Sh,Ps,1,3,2,6,8,HfSf,GrThHnHf,Pa,ThHs,La,ShGrThSb
364,Coenonympha_amaryllis,Nymphalidae,L,NA,NA,1,1,N,-0.032461424,-0.027804774,1,2,NA,NA,NA,NA,NA,NA,NA,NA,NA,NA,3,4,3.5,5,8,NA,NA,NA,NA,NA,NA
365,Coenonympha_rhodopensis,Nymphalidae,L,NA,Fl,1,1,N,-0.026,-0.058,NA,4,0.354,NA,NA,NA,NA,Fl,NA,Se,NA,NA,2,3,2.5,6,8,Hf,NA,NA,NA,NA,NA
366,Coenonympha_glycerion,Nymphalidae,L,Ss,Fl,1,2,N,-0.024,0.003,6,3,0.258,Hp,Sh,Le,NA,Fl,NA,Se,Sh,NA,3,3,3,6,8,HfAn,NA,NA,NA,La,ShTh
367,Coenonympha_corinna,Nymphalidae,L,Ss,Fl,1.5,3,N,-0.039,-0.062,1,2,0.577,NA,Th,NA,NA,Fl,NA,Se,Sh,NA,4,5,4.5,5,9,Hf,NA,NA,NA,NA,Sh
368,Coenonympha_corinna_elbana,Nymphalidae,L,Ss,Fl,1.5,3,N,-0.052,-0.003,NA,1,0.577,NA,Th,NA,NA,Fl,NA,Sb,Sh,NA,4,6,5,5,10,Hf,NA,NA,NA,NA,Sh
369,Coenonympha_leander,Nymphalidae,L,NA,Fl,1,1,N,-0.023,-0.061,2,3,0.500,NA,NA,Le,NA,Fl,NA,Se,Sh,NA,2,6,3.5,4,9,Hf,NA,NA,NA,NA,NA
370,Coenonympha_hero,Nymphalidae,L,Ss,Gl,1,1,N,-0.029,-0.029,5,3,0.154,AnHp,ShTh,Le,NA,Fl,NA,Se,ShTh,NA,2,3,3.5,5,7,HfSf,SbTc,Pa,NA,La,ShGrThSb
371,Coenonympha_gardetta,Nymphalidae,L,NA,GlFl,1,1,N,-0.030,-0.065,1,2,0.577,NA,NA,NA,NA,NA,NA,SeSb,ShTh,NA,4,4,4,6,9,Hf,NA,NA,NA,NA,NA
372,Coenonympha_gardetta_darwiniana,Nymphalidae,L,NA,Fl,1,1,N,-0.026,-0.073,NA,2,0.577,NA,NA,NA,NA,Fl,NA,NA,NA,NA,3,3,3,6,8,Hf,NA,NA,NA,NA,NA
373,Coenonympha_orientalis,Nymphalidae,NA,NA,NA,1,1,N,-0.031,-0.036,NA,3,0.500,NA,NA,NA,NA,NA,NA,NA,NA,NA,3,3,3,6,8,NA,NA,NA,NA,NA,NA
374,Coenonympha_arcania,Nymphalidae,L,Ss,GlFl,1,1.5,N,-0.016,0.001,3,3,0.169,Hp,Sh,Le,NA,Fl,NA,SeSb,Th,NA,2,5,3.5,5,9,HfSf,GrShSbExHnHf,PaPt,ShThSbHs,La,GrThSb
375,Coenonympha_arcanioides,Nymphalidae,NA,NA,NA,3,3,N,-0.034,0.044,NA,2,0.577,NA,NA,NA,NA,NA,NA,NA,NA,NA,6,6,6,4,9,NA,NA,NA,NA,NA,NA
376,Coenonympha_vaucheri,Nymphalidae,NA,NA,NA,1,1,N,-0.027,0.018,NA,NA,0.289,NA,NA,NA,NA,NA,NA,NA,Sh,NA,2,5,3.5,5,9,NA,NA,NA,NA,NA,NA
377,Kirinia_roxelana,Nymphalidae,L,NA,Fl,1,1,N,0.068,-0.021,1,3,0.204,NA,NA,NA,NA,NA,NA,NA,SbTt,NA,5,8,6.5,3,10,NA,NA,NA,NA,NA,NA
378,Kirinia_climene,Nymphalidae,L,Su,GlFl,1,1,N,0.021,-0.071,1,2,0.707,NA,NA,NA,NA,GlFl,NA,Se,BgSh,NA,2,3,2.5,6,8,HfSf,NA,NA,NA,NA,NA
379,Lopinga_achine,Nymphalidae,L,Ss,Fl,1,1,N,0.026,-0.024,4,2,0.086,Hp,ShTh,Le,NA,GlFl,NA,Se,Sh,NA,2,3,2.5,5,7,HfHdSaMi,StGrShHnHf,Pn,NA,Da,GrSb
380,Pararge_xiphia,Nymphalidae,ELPA,Ss,GlFl,3,3,N,0.039,-0.067,3,4,0.102,AnHp,ShTh,Le,SiOl,GlFl,MpSs,Se,Sh,NA,12,12,12,1,12,SfHdSa,SbTcExHf,PaPn,SbTcLs,Da,NA
381,Pararge_xiphioides,Nymphalidae,ELPA,Ss,GlFl,3,3,N,0.006,-0.054,6,4,0.102,AnHp,ShTh,Le,SiOl,GlFl,MpSs,Se,Sh,NA,12,12,12,1,12,SfHdSa,ThSbTcExHf,PaPt,SbTcLs,Da,BeThSb
382,Pararge_aegeria,Nymphalidae,LP,SsSb,GlFl,1,3,N,0.008,-0.059,7,3,0.154,Hp,ShTh,Le,SiOl,Fl,MpSs,Se,Sh,LiPsSh,2,12,7,1,12,HfSfSa,ThSbTcExHf,PaPnPt,BeShSbTcPsLs,Da,BeShGrThSb
383,Lasiommata_maera,Nymphalidae,L,Ss,BuGlFl,1,2,N,0.027,-0.001,12,4,0.072,AnHp,ShTh,Le,NA,Fl,NA,SeSb,BgSh,NA,2,10,6,1,10,Hf,BgHf,Pt,RcHt,Da,BeSh
384,Lasiommata_deidamia,Nymphalidae,NA,NA,NA,1,1,N,0.027127771,-0.054360661,2,3,NA,NA,NA,NA,NA,NA,NA,NA,NA,NA,3,3,3,6,8,NA,NA,NA,NA,NA,NA
385,Lasiommata_meadewaldoi,Nymphalidae,NA,NA,NA,1,1,N,0.037,-0.037,NA,NA,0.289,NA,NA,NA,NA,NA,NA,NA,Sh,NA,3,5,4,5,9,NA,BgExHf,NA,NA,NA,NA
386,Lasiommata_petropolitana,Nymphalidae,LP,BuSuSs,Fl,1,2,N,0.001,-0.007,3,3,0.258,Hp,ShTh,Le,NA,Fl,NA,Se,Sh,NA,2,6,3.5,4,9,HfMi,BgHf,Pt,Ps,Da,BeShGr
387,Lasiommata_paramegaera,Nymphalidae,L,NA,NA,3,3,N,-0.004,-0.020,2,3,0.354,NA,NA,NA,NA,Fl,NA,Se,Sh,PsSh,6,6,6,4,9,Hf,NA,NA,NA,Da,Be
388,Lasiommata_megera,Nymphalidae,L,SuSb,GlFl,1,3,N,0.013,0.054,7,3,0.120,Hp,ShTh,Le,SiOl,Fl,LpMpSs,SeSb,Sh,LiPs,3,10,6.5,2,11,HfSf,BgTtGrThSbExHfMs,PaPnPt,RcBeSbHsPsHt,Da,Be
389,Melanargia_russiae,Nymphalidae,L,SuSs,Gl,1,1,N,0.051,-0.010,3,3,0.120,AnHp,ShTh,Le,NA,GlFl,NA,Se,Sh,NA,3,3,3,6,8,Hf,NA,Pa,Th,Da,Sh
390,Melanargia_lucasi,Nymphalidae,NA,NA,NA,1,1,N,0.033,-0.040,NA,NA,0.289,NA,NA,NA,NA,NA,NA,NA,NA,NA,3,5,3.5,5,9,NA,NA,NA,NA,NA,NA
391,Melanargia_larissa,Nymphalidae,L,Su,Gl,1,1,N,0.052,0.036,1,2,0.707,AnHp,Sh,Le,NA,GlFl,NA,Se,Bg,NA,3,6,4,5,10,Hf,NA,NA,NA,Da,ShTh
392,Melanargia_lachesis,Nymphalidae,L,SuSsTs,GlFl,1,1,N,0.041,-0.022,3,3,0.136,AnHp,Sh,Le,NA,GlFl,NA,Se,ShTh,NA,2,3,2.5,6,8,Hf,NA,NA,NA,Da,ShGr
393,Melanargia_galathea,Nymphalidae,L,SuSsTs,GlFl,1,1,N,0.031,-0.021,10,3,0.107,AnHp,ShTh,Le,SiOl,GlFl,LpMp,SeSb,BgShTh,Li,2,5,3.5,5,9,Hf,GrThExHf,Pa,ShGrThNsHs,Da,GrThSb
394,Melanargia_ines,Nymphalidae,L,SsTs,Gl,1,1,N,0.030,-0.039,2,1,0.500,Hp,Sh,Le,NA,Fl,NA,NA,NA,NA,4,4,4,3,6,Hf,NA,NA,NA,NA,NA
395,Melanargia_arge,Nymphalidae,L,NA,NA,1,1,N,0.034,-0.031,1,NA,0.289,NA,NA,NA,NA,NA,NA,NA,Sh,NA,2,2,2,5,6,Hf,NA,NA,NA,NA,NA
396,Melanargia_pherusa,Nymphalidae,L,NA,Gl,1,1,N,0.034,-0.063,1,3,0.289,NA,Th,NA,NA,Fl,NA,NA,NA,NA,2,3,2.5,4,6,Hf,NA,NA,NA,NA,Be
397,Melanargia_occitanica,Nymphalidae,L,SsTs,Gl,1,1,N,0.039,-0.005,4,3,0.154,Hp,ShTh,Le,NA,GlFl,NA,Se,ShTh,NA,2,3,2.5,4,6,Hf,NA,NA,NA,Da,BeShGr
398,Hipparchia_fatua,Nymphalidae,L,NA,Gl,1,1,N,0.064,0.058,2,3,0.354,NA,NA,NA,NA,GlFl,NA,NA,NA,NA,6,7,6.5,4,10,NA,NA,NA,NA,NA,NA
399,Hipparchia_statilinus,Nymphalidae,L,Ss,Bu,1,1,N,0.030,-0.016,7,3,0.123,AnHp,ShTh,Le,NA,GlFl,NA,Se,BgSh,Li,2,8,5,4,11,HfSfAnMi,NA,Pt,RcBeHt,La,Be
400,Hipparchia_tilosi,Nymphalidae,L,NA,NA,1,1,N,0.065,-0.079,NA,NA,0.289,NA,NA,NA,NA,NA,NA,NA,NA,NA,3,3,3,7,9,NA,NA,NA,NA,NA,NA
401,Hipparchia_ellena,Nymphalidae,NA,NA,NA,1,1,N,0.068,-0.045,1,1,1.000,NA,NA,NA,NA,NA,NA,NA,NA,NA,3,3,3,7,9,NA,NA,NA,NA,NA,NA
402,Hipparchia_bacchus,Nymphalidae,L,NA,NA,1,1,N,0.074,-0.032,NA,NA,0.289,NA,NA,NA,NA,NA,NA,NA,NA,NA,2,2,2,7,8,NA,NA,NA,NA,NA,NA
403,Hipparchia_wyssii,Nymphalidae,L,NA,Gl,1,1,N,0.059,-0.050,NA,NA,0.289,NA,NA,NA,NA,GlFl,NA,NA,NA,NA,3,3,3,6,8,NA,NA,NA,NA,NA,NA
404,Hipparchia_tamadabae,Nymphalidae,NA,NA,NA,1,1,N,0.055,-0.052,NA,NA,0.289,NA,NA,NA,NA,NA,NA,NA,NA,NA,6,6,6,4,9,NA,NA,NA,NA,NA,NA
405,Hipparchia_gomera,Nymphalidae,L,NA,NA,1,1,N,0.068,-0.021,NA,NA,0.289,NA,NA,NA,NA,NA,NA,NA,NA,NA,5,5,5,5,9,NA,NA,NA,NA,NA,NA
406,Hipparchia_fidia,Nymphalidae,L,SuSsTs,BuGl,1,1,N,0.066,-0.048,7,3,0.144,AnHp,ShTh,Le,NA,Fl,NA,Se,BgSh,Li,3,5,3.5,6,10,HfAnMi,NA,Pt,NA,La,Be
407,Hipparchia_powelli,Nymphalidae,NA,NA,NA,1,1,N,0.017,-0.046,1,1,1.000,Hp,Sh,NA,NA,NA,NA,NA,NA,NA,3,3,3,8,10,NA,NA,NA,NA,NA,NA
408,Hipparchia_hansii,Nymphalidae,NA,NA,NA,1,1,N,0.024,0.003,1,2,0.577,NA,NA,NA,NA,NA,NA,NA,Sh,NA,4,4,4,8,11,NA,NA,NA,NA,NA,NA
409,Hipparchia_neomiris,Nymphalidae,L,NA,BuGl,1,1,N,0.025,-0.061,1,NA,1.000,NA,NA,NA,NA,NA,NA,Se,ShTh,NA,3,3,3,6,8,NA,NA,NA,NA,NA,NA
410,Hipparchia_autonoe,Nymphalidae,NA,NA,NA,1,1,N,0.060,-0.016,2,4,0.102,NA,NA,NA,NA,NA,NA,Se,NA,NA,2,2,2,7,8,HfSfAn,NA,NA,NA,NA,NA
411,Hipparchia_hermione,Nymphalidae,L,SuSs,BuGl,1,1,N,0.074,-0.008,2,3,0.408,Hp,ShTh,Le,NA,GlFl,NA,Se,Sh,NA,1,3,2,6,8,HfSf,BgTtHf,Pt,NA,La,Be
412,Hipparchia_caroli,Nymphalidae,NA,NA,NA,1,1,N,0.055,-0.003,1,NA,0.289,NA,NA,NA,NA,NA,NA,NA,Sh,NA,5,5,5,6,10,NA,NA,NA,NA,NA,NA
413,Hipparchia_genava,Nymphalidae,L,NA,BuGl,1,1,N,0.074,-0.017,2,3,0.289,NA,NA,NA,NA,NA,NA,NA,NA,NA,3,3,3,6,8,NA,NA,Pt,RcBePs,NA,NA
414,Hipparchia_syriaca,Nymphalidae,L,NA,BuGl,1,1,N,0.080,-0.027,2,3,0.289,NA,NA,Le,NA,GlFl,NA,Se,Sh,NA,3,8,5.5,3,10,SaDp,NA,NA,NA,NA,NA
415,Hipparchia_fagi,Nymphalidae,L,SuSs,Bu,1,1,N,0.095,-0.001,3,3,0.250,Hp,Sh,Le,NA,GlFl,NA,Se,Bg,NA,3,6,4.5,5,10,HfSfSaDp,BgTtTcExHf,Pt,ShPs,La,Be
416,Hipparchia_mersina,Nymphalidae,L,NA,NA,1,1,N,0.040,-0.001,NA,NA,0.289,NA,NA,NA,NA,NA,NA,NA,NA,NA,3,6,4.5,4,9,AnMi,BgTtExHf,NA,NA,NA,Be
417,Hipparchia_miguelensis,Nymphalidae,NA,NA,NA,1,1,N,0.008,-0.056,1,1,1.000,Hp,Sh,NA,NA,NA,NA,NA,NA,NA,4,4,4,6,9,HfSf,NA,NA,NA,NA,NA
418,Hipparchia_azorina,Nymphalidae,NA,NA,NA,1,1,N,0.005,-0.042,1,1,1.000,Hp,Sh,NA,NA,Fl,NA,NA,Sh,NA,5,5,5,6,10,HfSf,NA,NA,NA,NA,NA
419,Hipparchia_azorina_occidentalis,Nymphalidae,NA,NA,NA,1,1,N,0.002,-0.028,NA,1,1.000,NA,NA,NA,NA,NA,NA,NA,NA,NA,4,4,4,6,9,NA,NA,NA,NA,NA,NA
420,Hipparchia_senthes,Nymphalidae,L,NA,NA,1,1,N,0.025,0.023,1,1,1.000,NA,NA,NA,NA,NA,NA,NA,NA,NA,6,8,7,4,11,Hf,NA,NA,NA,NA,NA
421,Hipparchia_maderensis,Nymphalidae,L,SsTs,Gl,1,1,N,0.022,0.002,2,3,NA,NA,NA,NA,NA,Fl,NA,NA,NA,NA,3,3,3,7,9,NA,NA,NA,NA,NA,NA
422,Hipparchia_semele,Nymphalidae,L,SuSsTs,BuGl,1,1,N,0.036,0.020,16,3,0.143,AnHp,ShTh,Le,SiOl,GlFl,LpMpSs,Se,BgSh,Li,2,5,3.5,6,10,HfErSfSa,BgStHf,PaPnPt,RcBePsHt,La,BeSh
423,Hipparchia_blachieri,Nymphalidae,L,Bu,Bu,1,1,N,0.042,-0.056,2,3,0.289,NA,Sh,NA,NA,Fl,NA,NA,Th,NA,3,6,4.5,5,10,NA,NA,NA,NA,NA,Be
424,Hipparchia_aristaeus,Nymphalidae,L,NA,BuGl,1,1,N,0.041,-0.054,3,3,1.000,AnHp,ShTh,NA,NA,NA,NA,NA,ShTh,NA,2,7,4.5,4,10,Hf,NA,NA,NA,NA,Be
425,Hipparchia_algirica,Nymphalidae,NA,NA,NA,1,1,N,0.043,-0.049,1,1,1.000,NA,NA,NA,NA,NA,NA,NA,Sh,NA,3,3,3,3,5,NA,NA,NA,NA,NA,NA
426,Hipparchia_volgensis,Nymphalidae,NA,NA,BuGl,1,1,N,0.031,-0.042,1,NA,1.000,NA,NA,Le,NA,GlFl,NA,Se,BgSh,NA,3,5,4,5,9,Hf,NA,NA,NA,NA,NA
427,Hipparchia_neapolitana,Nymphalidae,L,NA,Bu,1,1,N,0.048,-0.087,3,NA,0.408,NA,Th,NA,NA,Fl,NA,Se,Sh,NA,3,3,3,6,8,Hf,NA,NA,NA,NA,Be
428,Hipparchia_leighebi,Nymphalidae,L,NA,Bu,1,1,N,0.047,-0.065,2,3,0.289,NA,Sh,NA,NA,Fl,NA,NA,NA,NA,4,4,4,5,8,Hf,NA,NA,NA,NA,Be
429,Hipparchia_pellucida,Nymphalidae,L,NA,BuGl,1,1,N,0.022,0.000,NA,NA,0.289,NA,NA,Le,NA,GlFl,NA,Se,Sh,NA,3,3,4,5,7,HfDpAn,BgTtHf,NA,NA,NA,NA
430,Hipparchia_sbordonii,Nymphalidae,L,NA,Bu,1,1,N,0.054,-0.082,3,NA,0.289,NA,Th,NA,NA,Fl,NA,NA,NA,NA,2,2,2,6,7,Sf,NA,NA,NA,NA,Be
431,Hipparchia_cypriensis,Nymphalidae,L,NA,Gl,1,1,N,0.063,0.010,NA,NA,0.408,NA,NA,NA,NA,GlFl,NA,Se,Sh,NA,9,8,9,4,11,Sa,TtHf,NA,NA,NA,NA
432,Hipparchia_cretica,Nymphalidae,L,NA,NA,1,1,N,0.059,-0.004,NA,NA,0.289,NA,NA,NA,NA,NA,NA,NA,NA,NA,4,7,5.5,4,10,Hf,NA,NA,NA,NA,NA
433,Hipparchia_christenseni,Nymphalidae,NA,NA,NA,1,1,N,0.050,0.083,NA,NA,0.289,NA,NA,NA,NA,NA,NA,NA,NA,NA,1,4,2,6,9,NA,NA,NA,NA,NA,NA
434,Berberia_abdelkader,Nymphalidae,NA,NA,NA,1,1,N,0.100,-0.005,1,2,0.577,Hp,ShTh,NA,NA,NA,NA,NA,NA,NA,6,6,6,6,11,Hf,NA,NA,NA,NA,NA
435,Berberia_lambessanus,Nymphalidae,NA,NA,NA,1,1,N,0.076,-0.049,2,3,0.289,Hp,ShTh,NA,NA,NA,NA,NA,BgSh,NA,8,8,8,4,11,Hf,NA,NA,NA,NA,NA
436,Minois_dryas,Nymphalidae,L,SsTs,Bu,1,1,N,0.066,0.016,5,3,0.200,AnHp,ShTh,Le,NA,GlFl,NA,Sb,BgSh,NA,2,4,3,6,9,HfAn,BgStSbExHf,Pa,Sh,DaLa,Be
437,Brintesia_circe,Nymphalidae,L,SsTs,Bu,1,1,N,0.109,-0.015,3,3,0.204,Hp,ShTh,Le,NA,GlFl,NA,Sb,BgSh,NA,3,6,4.5,5,10,HfSaDpAnMi,TtExHf,PaPt,RcTc,La,Sh
438,Arethusana_arethusa,Nymphalidae,L,SsTs,BuGlFl,1,1,N,0.014,-0.013,1,3,0.333,BiAnHp,Sh,Le,NA,GlFl,NA,Sb,BgSh,NA,3,5,4,5,9,Hf,NA,Pn,Rc,DaLa,Be
439,Oeneis_tarpeia,Nymphalidae,NA,NA,NA,1,1,N,0.025514531,-0.025950787,2,3, NA,NA,NA,NA,NA,NA,NA,NA,NA,NA,2,3,2.5,5,7,NA,NA,NA,NA,NA,NA
440,Oeneis_bore,Nymphalidae,L,NA,Gl,0.5,0.5,N,0.010,0.050,1,1,1.000,Hp,Sh,NA,NA,Fl,NA,NA,Sh,NA,1,2,1.5,6,7,NA,BgStCo,NA,NA,NA,NA
441,Oeneis_ammon,Nymphalidae,NA,NA,NA,1,1,N,0.012760491,-0.056443345,NA,4,NA,NA,NA,NA,NA,NA,NA,NA,NA,NA,2,2,2,6,7,NA,NA,NA,NA,NA,NA
442,Oeneis_melissa,Nymphalidae,EL,NA,NA,0.5,0.5,N,0.022962967,-0.053442411,2,4,NA,NA,NA,NA,NA,NA,NA,NA,NA,NA,1,2,1.5,6,7,NA,NA,NA,NA,NA,NA
443,Oeneis_jutta,Nymphalidae,L,NA,NA,1,1,N,0.058,-0.022,2,4,0.354,Hp,NA,Le,NA,Fl,NA,NA,Sh,NA,2,3,2.5,5,7,Sf,BgTtTcHf,NA,NA,La,Gr
444,Oeneis_magna,Nymphalidae,L,NA,NA,1,1,N,0.047955108,-0.011904671,1,2,NA,NA,NA,NA,NA,NA,NA,NA,NA,NA,2,3,2.5,6,8,NA,NA,NA,NA,NA,NA
445,Oeneis_norna,Nymphalidae,L,NA,NA,0.5,0.5,N,0.041,0.011,4,4,0.236,Hp,ShTh,NA,NA,Fl,NA,Se,Sh,NA,2,2,2,6,7,NA,BgTtHf,NA,NA,NA,NA
446,Oeneis_polixenes,Nymphalidae,L,NA,NA,0.5,1,N,0.016271562,-0.055377342,NA,NA,NA,NA,NA,NA,NA,NA,NA,NA,NA,NA,1,3,2,6,8,NA,NA,NA,NA,NA,NA
447,Oeneis_glacialis,Nymphalidae,L,NA,BuGl,0.5,0.5,N,0.052,-0.037,1,1,1.000,Hp,Sh,Le,NA,NA,NA,Se,BgSh,NA,3,3,3,6,8,Hf,BgHf,Pt,Rc,NA,NA
448,Satyrus_ferula,Nymphalidae,L,SuTs,NA,1,1,N,0.051,0.007,3,1,0.500,Hp,Sh,Le,NA,GlFl,NA,Sb,Sh,NA,3,5,4,5,9,HfAnMi,NA,Pa,ShGrHs,Da,BeSh
449,Satyrus_actaea,Nymphalidae,L,SuTsSb,Gl,1,1,N,0.046,-0.013,2,3,0.236,Hp,Sh,Le,NA,GlFl,NA,Se,Sh,NA,3,3,3,6,8,Hf,NA,NA,NA,DaLa,BeSh
450,Satyrus_virbius,Nymphalidae,L,NA,NA,1,1,N,0.058869819,-0.015342833,2,3,NA,NA,NA,NA,NA,NA,NA,NA,NA,NA,2,3,2.5,6,8,NA,NA,NA,NA,NA,NA
451,Chazara_briseis,Nymphalidae,L,Su,Bu,1,1,N,0.053,0.112,5,3,0.333,Hp,ShTh,Le,NA,GlFl,NA,SeSb,BgSh,Li,2,6,4,5,10,HfDpAnMi,NA,Pt,RcBe,La,Be
452,Chazara_prieuri,Nymphalidae,L,Su,Bu,1,1,N,0.067,0.009,3,1,1.000,Hp,Sh,Le,NA,NA,NA,NA,NA,NA,2,3,2,6,8,Hf,NA,NA,NA,NA,NA
453,Chazara_persephone,Nymphalidae,L,NA,BuGl,1,1,N,0.053,-0.022,NA,NA,NA,NA,NA,NA,NA,NA,NA,Se,BgSh,NA,3,6,4,6,11,HfSf,NA,NA,NA,NA,NA
454,Pseudochazara_geyeri,Nymphalidae,L,NA,NA,1,1,N,0.028,-0.069,1,1,1.000,NA,NA,NA,NA,NA,NA,NA,NA,NA,2,2,2,7,8,Hf,NA,NA,NA,NA,NA
455,Pseudochazara_graeca,Nymphalidae,L,NA,NA,1,1,N,0.044,-0.052,NA,NA,0.289,NA,NA,NA,NA,NA,NA,Se,NA,NA,2,4,3,6,9,Hf,NA,NA,NA,Da,Gr
456,Pseudochazara_atlantis,Nymphalidae,NA,NA,NA,1,1,N,0.042,-0.059,NA,NA,0.289,NA,NA,NA,NA,NA,NA,NA,NA,NA,3,3,3,6,8,Hf,NA,NA,NA,NA,NA
457,Pseudochazara_amymone,Nymphalidae,L,NA,Bu,1,1,N,0.040,-0.071,NA,NA,0.289,NA,NA,NA,NA,NA,NA,NA,Sh,NA,2,3,2.5,6,8,HfMi,BgShThExHf,NA,NA,Da,Be
458,Pseudochazara_anthelea,Nymphalidae,NA,NA,Gl,1,1,N,0.032,-0.036,NA,NA,0.289,NA,NA,NA,NA,BuGlFl,NA,NA,NA,NA,3,5,4,5,9,Hf,BgHf,Pt,Rc,NA,NA
459,Pseudochazara_amalthea,Nymphalidae,NA,NA,NA,1,1,N,0.037303642,-0.040331516,NA,NA,NA,NA,NA,NA,NA,NA,NA,NA,NA,NA,5,5,5,5,9,NA,NA,NA,NA,NA,NA
460,Pseudochazara_mamurra,Nymphalidae,L,NA,BuGl,1,1,N,0.052,-0.054,NA,NA,0.289,NA,NA,Le,NA,GlFl,NA,Se,ShTh,NA,1,1,1,7,7,Hf,NA,Pt,NA,NA,NA
461,Pseudochazara_williamsi,Nymphalidae,L,SuSs,NA,1,1,N,0.039,-0.015,1,1,NA,NA,NA,NA,NA,NA,NA,NA,NA,NA,3,3,3,6,8,HfMi,NA,NA,NA,NA,NA
462,Pseudochazara_euxina,Nymphalidae,NA,NA,NA,1,1,N,0.066,-0.041,1,1,NA,NA,NA,NA,NA,NA,NA,NA,NA,NA,3,3,3,6,8,NA,NA,NA,NA,NA,NA
463,Pseudochazara_mercurius,Nymphalidae,L,Su,BuGl,1,1,N,0.029,-0.049,1,1,1.000,Hp,Sh,Le,NA,NA,NA,NA,NA,NA,2,2,2,6,7,Hf,NA,NA,NA,NA,NA
464,Pseudochazara_cingovskii,Nymphalidae,L,NA,NA,1,1,N,0.049,-0.045,1,2,0.577,NA,NA,NA,NA,NA,NA,NA,Bg,NA,2,2,2,7,8,NA,NA,NA,NA,NA,NA
465,Pseudochazara_orestes,Nymphalidae,NA,NA,NA,1,1,N,0.058,-0.070,1,NA,0.289,NA,NA,NA,NA,NA,NA,NA,BgSh,Sh,2,4,3,6,9,Hf,NA,NA,NA,NA,NA
466,Pseudochazara_tisiphone,Nymphalidae,NA,NA,NA,1,1,N,0.038584347,-0.075832832,1,1,1.000,NA,NA,NA,NA,NA,NA,NA,NA,NA,4,4,4,6,9,NA,NA,NA,NA,NA,NA
467,Pseudochazara_mniszechii,Nymphalidae,NA,NA,Bu,1,1,N,0.054,-0.049,1,1,1.000,NA,NA,NA,NA,NA,NA,Se,BgShTh,NA,2,2,2,7,8,Hf,NA,Pa,NA,NA,NA
468,Ypthima_asterope,Nymphalidae,L,NA,NA,3,3,N,-0.031,-0.043,1,1,0.500,An,NA,NA,NA,Fl,NA,Se,BgSh,NA,7,8,7.5,4,11,Hf,BgStSbExCoHf,PaPn,RcBeShGrThHs,NA,Be
469,Proterebia_phegea,Nymphalidae,L,NA,GlFl,1,1,N,0.025,-0.033,1,1,1.000,Hp,Sh,Le,NA,GlFl,NA,SeSb,Bg,NA,2,4,2.5,3,6,Hf,NA,PaLe,ShHt,Da,Be
470,Hyponephele_maroccana,Nymphalidae,NA,NA,NA,1,1,N,-0.006,-0.039,NA,NA,0.289,NA,NA,NA,NA,NA,NA,NA,NA,NA,3,3,3,6,8,Hf,NA,NA,NA,NA,NA
471,Hyponephele_huebneri,Nymphalidae,L,NA,NA,1,1,N,-0.006126739,0.024779657,NA,NA,NA,NA,NA,NA,NA,NA,NA,NA,NA,NA,2,2,2,5,6,Sf,NA,NA,NA,NA,NA
472,Hyponephele_lycaon,Nymphalidae,L,SsTs,Gl,1,1,N,0.000,0.022,4,3,0.204,Hp,ShTh,Le,NA,Fl,NA,Se,Sh,NA,2,5,3.5,5,9,Hf,NA,NA,NA,Da,BeSh
473,Hyponephele_lupina,Nymphalidae,L,SuSs,Fl,1,1,N,0.018,-0.016,3,3,0.169,BiAnHp,ShTh,Le,NA,GlFl,NA,Se,Th,NA,2,7,4.5,4,10,HfHdSaDp,SbCoHf,NA,NA,NA,NA
474,Aphantopus_hyperantus,Nymphalidae,L,Ss,GlFl,1,1,N,0.004,-0.005,16,4,0.063,AnHp,ShTh,Le,SiOl,GlFl,LpMp,SeSb,Sh,Ps,3,3,3,6,8,HfSf,GrSbTcExHnHf,Pa,GrThNsHs,Da,GrThSb
475,Pyronia_cecilia,Nymphalidae,L,Ss,Gl,1,1,N,-0.024,0.000,3,3,0.177,Hp,ShTh,Le,NA,Fl,NA,Se,ShTh,NA,3,4,3.5,5,8,HfMi,NA,NA,NA,Da,Sh
476,Pyronia_tithonus,Nymphalidae,L,Ss,Fl,1,1,N,-0.007,-0.039,8,3,0.081,AnHp,ShTh,Le,SiOl,GlFl,LpMp,Se,Sh,Ps,2,5,3.5,5,9,HfSf,GrExHnHf,PaPn,ShGrThSbHsPs,Da,ShGrThSb
477,Pyronia_bathseba,Nymphalidae,L,SsTs,Gl,1,1,N,-0.002,-0.015,2,1,0.354,Hp,ShTh,Le,NA,GlFl,NA,Se,ShThSb,NA,4,5,4.5,4,8,Hf,NA,NA,NA,Da,BeSh
478,Pyronia_janiroides,Nymphalidae,NA,NA,NA,1,1,N,0.014,-0.056,1,1,1.000,An,Sh,NA,NA,NA,NA,NA,NA,NA,3,3,3,7,9,NA,NA,NA,NA,NA,NA
479,Maniola_jurtina,Nymphalidae,L,SuSsTs,Gl,1,1,N,0.022,0.034,10,3,0.289,Hp,ShTh,Le,SiOl,GlFl,LpMp,Sb,ShTt,Li,2,8,5,3,10,HfSf,BgStGrThSbTcLiExHnHf,PaPn,ShGrThSbNsHs,Da,BeShGrThSb
480,Maniola_nurag,Nymphalidae,L,NA,GlFl,1,1,N,-0.007,-0.061,1,1,1.000,NA,Th,Le,SiOl,GlFl,NA,SeSb,Sh,NA,3,5,3.5,4,8,Hf,StGrShThSbHnHf,Pa,ShGrThSbNsHs,Da,ShTh
481,Maniola_chia,Nymphalidae,L,NA,GlFl,1,1,N,0.023,0.013,NA,NA,0.289,NA,NA,Le,SiOl,GlFl,NA,SeSb,Sh,NA,5,5,5,5,9,Hf,StGrShThSbHnHf,Pa,ShGrThSbNsHs,Da,ShTh
482,Maniola_megala,Nymphalidae,L,NA,GlFl,1,1,N,0.026,-0.048,NA,3,0.289,NA,NA,Le,SiOl,GlFl,NA,SeSb,Sh,NA,2,5,3.5,5,9,HfSf,BgExHnHf,NA,ShGrThSbNsHs,Da,ShTh
483,Maniola_cypricola,Nymphalidae,L,NA,GlFl,1,1,N,0.000,0.065,NA,NA,0.289,NA,NA,Le,SiOl,GlFl,NA,SeSb,Sh,NA,4,4,4,4,7,HfSf,StGrShThSbTcHnHf,Pa,ShGrThSbNsHs,Da,ShTh
484,Maniola_telmessia,Nymphalidae,L,NA,GlFl,1,1,N,0.007,0.010,2,3,0.354,NA,NA,Le,SiOl,GlFl,NA,SeSb,Sh,NA,5,10,7.5,1,10,Hf,StGrShThSbHnHf,Pa,ShGrThSbNsHs,Da,ShTh
485,Maniola_halicarnassus,Nymphalidae,L,NA,GlFl,1,1,N,0.024,-0.047,NA,NA,0.289,NA,NA,Le,SiOl,GlFl,NA,SeSb,Sh,NA,1,5,3,5,9,Hf,StGrShThSbHnHf,Pa,ShGrThSbNsHs,Da,ShTh
486,Erebia_edda,Nymphalidae,L,NA,NA,1,1,N,0.028742557,-0.042651059,NA,NA,NA,NA,NA,NA,NA,NA,NA,NA,NA,NA,2,3,2.5,6,8,NA,NA,NA,NA,NA,NA
487,Erebia_fasciata,Nymphalidae,L,NA,NA,0.5,1,N,0.028025078,-0.026966061,1,2,NA,NA,NA,NA,NA,NA,NA,NA,NA,NA,1,3,2,6,8,NA,NA,NA,NA,NA,NA
488,Erebia_discoidalis,Nymphalidae,L,NA,NA,0.5,1,N,0.022959289,-0.043139419,1,2,NA,NA,NA,NA,NA,NA,NA,NA,NA,NA,2,3,2.5,6,8,NA,NA,NA,NA,NA,NA
489,Erebia_rossii,Nymphalidae,L,NA,NA,0.5,0.5,N,0.02817459,-0.045903924,1,2,NA,NA,NA,NA,NA,NA,NA,NA,NA,NA,1,2,1.5,6,7,NA,NA,NA,NA,NA,NA
490,Erebia_cyclopius,Nymphalidae,L,NA,NA,1,1,N,0.042746943,-0.039404279,1,2,NA,NA,NA,NA,NA,NA,NA,NA,NA,NA,2,3,2.5,5,7,NA,NA,NA,NA,NA,NA
491,Erebia_embla,Nymphalidae,NA,NA,NA,1,1,N,0.025,-0.043,2,3,0.224,Hp,ShTh,NA,NA,Fl,NA,NA,NA,NA,2,2,2,6,7,NA,TtStHf,NA,NA,NA,NA
492,Erebia_disa,Nymphalidae,L,NA,Gl,0.5,0.5,N,0.026,0.023,1,2,0.577,NA,NA,NA,NA,NA,NA,NA,NA,NA,2,2,2,6,7,NA,StGrShThHnHf,NA,NA,NA,NA
493,Erebia_jeniseiensis,Nymphalidae,NA,NA,NA,1,1,N,0.002934423,-0.040698082,NA,NA,NA,NA,NA,NA,NA,NA,NA,NA,NA,NA,1,1,1,7,7,NA,NA,NA,NA,NA,NA
494,Erebia_dabanensis,Nymphalidae,L,NA,NA,1,1,N,0.002063073,0.016254305,NA,NA,NA,NA,NA,NA,NA,NA,NA,NA,NA,NA,2,3,2.5,6,8,NA,NA,NA,NA,NA,NA
495,Erebia_meolans,Nymphalidae,L,SuSsTs,Gl,1,1,N,0.013,0.059,5,3,0.200,Hp,Sh,Le,NA,GlFl,NA,Se,Sh,NA,3,4,3.5,5,8,Hf,NA,Pa,NA,Da,BeShTh
496,Erebia_claudina,Nymphalidae,L,NA,GlFl,0.5,1,N,-0.017,-0.065,1,1,0.500,Hp,ShTh,NA,NA,Fl,NA,NA,NA,NA,2,4,3,5,8,Hf,NA,NA,NA,Da,NA
497,Erebia_manto,Nymphalidae,EL,SsTs,NA,0.5,0.5,N,0.000,0.061,2,1,0.316,Hp,Sh,NA,NA,Fl,NA,Se,ShTh,NA,3,3,3,7,9,Hf,NA,NA,NA,NA,NA
498,Erebia_ottomana,Nymphalidae,L,NA,NA,1,1,N,-0.006,0.024,2,1,0.707,Hp,Sh,NA,NA,NA,NA,NA,NA,NA,2,5,3.5,5,9,Hf,NA,NA,NA,Da,Th
499,Erebia_hispania,Nymphalidae,L,SsTs,Gl,1,1,N,-0.002,-0.017,1,1,1.000,Hp,Sh,Le,NA,NA,NA,NA,NA,NA,2,3,2.5,6,8,HfMi,NA,NA,NA,Da,Be
500,Erebia_callias,Nymphalidae,NA,NA,NA,1,1,N,-9.55E-03,0.025015712,1,2,NA,NA,NA,NA,NA,NA,NA,NA,NA,NA,3,4,3.5,6,9,NA,NA,NA,NA,NA,NA
501,Erebia_rondoui,Nymphalidae,L,SsTs,Gl,1,1,N,-0.012,0.009,1,1,1.000,BiAnHp,ShTh,Le,NA,NA,NA,NA,NA,NA,2,2,2,6,7,Hf,NA,NA,NA,Da,BeSh
502,Erebia_tyndarus,Nymphalidae,L,NA,NA,1,1,N,-0.017,-0.067,2,3,0.500,Hp,Sh,NA,NA,NA,NA,NA,NA,NA,2,4,3,7,10,Hf,NA,NA,NA,Da,Sh
503,Erebia_arvernensis,Nymphalidae,L,NA,NA,1,1,N,-0.008912732,-0.024100189,1,2,NA,NA,NA,NA,NA,NA,NA,NA,NA,NA,4,4,4,6,9,NA,NA,NA,NA,NA,NA
504,Erebia_cassioides,Nymphalidae,L,SsTs,GlFl,1,1,N,-0.016,-0.021,1,1,1.000,Hp,Sh,Le,NA,GlFl,NA,Se,Sh,NA,2,4,3,6,9,HfMi,BgHf,NA,NA,Da,Be
505,Erebia_neleus,Nymphalidae,NA,NA,NA,1,1,N,4.71E-05,-0.021480611,NA,NA,NA,NA,NA,NA,NA,NA,NA,NA,NA,NA,3,3,3,7,9,NA,NA,NA,NA,NA,NA
506,Erebia_nivalis,Nymphalidae,L,NA,NA,0.5,0.5,N,-0.026,-0.033,1,1,1.000,Hp,Sh,NA,NA,NA,NA,Se,Sh,NA,1,2,1.5,7,8,Hf,NA,NA,NA,NA,NA
507,Erebia_calcarius,Nymphalidae,L,NA,NA,1,1,N,-0.012,-0.041,2,1,0.500,Hp,Sh,NA,NA,NA,NA,NA,Sh,NA,3,2,3,7,8,Hf,NA,NA,NA,Da,NA
508,Erebia_oeme,Nymphalidae,L,NA,Gl,0.5,1,N,0.002,-0.006,5,4,0.100,Hp,ShTh,Le,NA,GlFl,NA,Se,ShTh,NA,3,3,3,6,8,Hf,NA,Pa,BeShGrNsHs,Da,Be
509,Erebia_gorge,Nymphalidae,L,NA,NA,0.5,0.5,N,-0.010,-0.014,3,3,0.316,Hp,Sh,NA,NA,Fl,NA,NA,NA,NA,3,3,3,6,8,NA,NA,NA,NA,DaLa,Be
510,Erebia_sthennyo,Nymphalidae,L,NA,NA,1,1,N,0.005,-0.060,1,3,0.577,AnHp,Sh,Le,NA,NA,NA,NA,NA,NA,2,3,2.5,6,8,NA,NA,NA,NA,Da,Be
511,Erebia_pandrose,Nymphalidae,L,SsTs,GlFl,0.5,0.5,N,0.009,0.018,4,3,0.192,AnHp,Sh,Le,NA,GlFl,NA,Se,ShTh,NA,2,3,2.5,6,8,Hf,BgGrHf,NA,NA,Da,Sh
512,Erebia_eriphyle,Nymphalidae,EL,NA,Fl,0.5,0.5,N,-0.015,-0.047,2,3,0.500,Hp,ShTh,NA,NA,Fl,NA,NA,NA,NA,3,3,3,6,8,Hf,NA,NA,NA,Da,NA
513,Erebia_epistygne,Nymphalidae,L,NA,NA,1,1,N,0.023,-0.026,1,1,1.000,Hp,Sh,Le,NA,NA,NA,NA,NA,NA,3,3,3,3,5,Hf,NA,NA,NA,Da,Be
514,Erebia_euryale,Nymphalidae,EL,SsTs,Gl,0.5,1,N,0.008,-0.052,6,3,0.096,Hp,ShTh,Le,NA,Fl,NA,Se,ShTh,NA,2,4,3,6,9,Hf,GrHnHf,Pa,NA,Da,Gr
515,Erebia_palarica,Nymphalidae,L,SuSs,GlFl,1,1,N,0.056,-0.062,2,3,0.289,Hp,Sh,Le,NA,GlFl,NA,Sb,ShTh,NA,3,3,3,5,7,Hf,NA,Pa,NA,Da,Be
516,Erebia_ligea,Nymphalidae,EL,NA,Gl,0.5,1,N,0.020,0.044,1,2,0.183,Hp,Sh,Le,NA,GlFl,NA,Se,Sh,NA,2,4,3,5,8,HfMi,BgStGrShThExHnHf,Pa,BeShGrThSbPsLs,DaLa,BeShThSb
517,Erebia_pluto,Nymphalidae,L,NA,NA,0.5,1,N,0.016,0.018,2,3,0.354,Hp,Sh,NA,NA,GlFl,NA,Se,ShTh,NA,2,3,2.5,6,8,NA,NA,NA,NA,Da,Be
518,Erebia_aethiopellus,Nymphalidae,L,NA,NA,1,1,N,-0.009,-0.054,1,1,1.000,Hp,Sh,NA,NA,NA,NA,NA,Sh,NA,2,2,2,7,8,NA,NA,NA,NA,NA,NA
519,Erebia_gorgone,Nymphalidae,L,NA,NA,1,1,N,0.002,-0.081,NA,2,0.577,NA,NA,NA,NA,NA,NA,NA,NA,NA,2,2,2,7,8,Hf,NA,NA,NA,Da,NA
520,Erebia_rhodopensis,Nymphalidae,L,NA,NA,1,1,N,-0.005,-0.047,1,2,0.577,NA,NA,NA,NA,NA,NA,NA,NA,NA,1,2,1.5,7,8,Hf,NA,NA,NA,Da,Be
521,Erebia_mnestra,Nymphalidae,L,NA,NA,0.5,1,N,-0.009,-0.047,2,3,0.500,Hp,Sh,NA,NA,Fl,NA,NA,Sh,NA,2,2,2,7,8,Hf,NA,NA,NA,Da,BeTh
522,Erebia_albergana,Nymphalidae,L,NA,NA,1,1,N,0.005,-0.005,2,3,0.333,Hp,Sh,NA,NA,NA,NA,NA,NA,NA,3,3,3,6,8,HfMi,GrHnHf,Pa,ShGrThSbNs,DaLa,ShGrTh
523,Erebia_sudetica,Nymphalidae,L,NA,NA,1,1,N,-0.031,-0.065,2,1,1.000,Hp,Sh,NA,NA,NA,NA,Se,BgSh,NA,2,3,2.5,7,9,Hf,GrCo,Pa,NA,NA,Gr
524,Erebia_melampus,Nymphalidae,L,NA,NA,1,1,N,-0.025,0.017,3,3,0.289,Hp,Sh,NA,NA,NA,NA,NA,NA,NA,3,3,3,7,9,Hf,GrHnHf,NA,NA,Da,NA
525,Erebia_triarius,Nymphalidae,L,SsTs,Fl,1,1,N,0.021,-0.015,3,3,0.289,HpWp,Sh,Le,NA,GlFl,NA,NA,NA,NA,4,4,4,4,7,HfMi,NA,NA,NA,Da,Be
526,Erebia_polaris,Nymphalidae,L,NA,Gl,1,1,N,-0.001,0.004,1,NA,0.250,NA,NA,NA,NA,Fl,NA,Se,Sh,NA,1,2,1.5,6,7,NA,NA,NA,NA,Da,Be
527,Erebia_medusa,Nymphalidae,L,SuSs,Gl,0.5,1,N,0.002,0.021,6,3,0.224,Hp,ShTh,Le,NA,GlFl,NA,Se,Sh,NA,3,4,3.5,5,8,Hf,NA,Pa,NA,Da,BeSh
528,Erebia_aethiops,Nymphalidae,L,Su,BuGl,1,1,N,0.022,-0.013,12,4,0.043,BiAnHp,ShTh,Le,SiOl,GlFl,LpMp,Se,Sh,Li,3,4,3.5,6,9,Hf,GrThSbCoHnHf,PaPn,GrThHs,Da,GrThSb
529,Erebia_pharte,Nymphalidae,L,NA,Fl,0.5,0.5,N,-0.015,0.011,5,4,0.167,Hp,Sh,NA,NA,NA,NA,NA,NA,NA,2,2,2,7,8,Hf,NA,NA,NA,Da,NA
530,Erebia_christi,Nymphalidae,L,NA,NA,0.5,0.5,N,-0.009,-0.042,1,1,1.000,Hp,Sh,NA,NA,NA,NA,NA,Sh,NA,2,3,2.5,6,8,HfMi,NA,NA,NA,Da,NA
531,Erebia_orientalis,Nymphalidae,L,NA,NA,1,1,N,-0.009,-0.053,NA,NA,0.289,NA,NA,NA,NA,NA,NA,NA,NA,NA,2,3,2.5,6,8,Hf,NA,NA,NA,Da,Gr
532,Erebia_epiphron,Nymphalidae,L,SsTs,GlFl,0.5,1,N,-0.011,0.067,4,1,0.224,Hp,Sh,Le,SiOl,Fl,LpMp,Se,Sh,Li,2,3,2.5,6,8,Hf,GrExHnHf,Pa,GrThHs,Da,Gr
533,Erebia_flavofasciata,Nymphalidae,L,NA,NA,0.5,0.5,N,-0.022,-0.056,1,1,1.000,Hp,Sh,NA,Ol,NA,NA,Se,BgSh,NA,3,3,3,6,8,Hf,NA,NA,NA,NA,NA
534,Erebia_montana,Nymphalidae,L,NA,NA,1,1,N,0.021,-0.042,2,3,0.354,Hp,Sh,NA,NA,Gl,NA,NA,NA,NA,3,3,3,7,9,Hf,BgHf,NA,NA,Da,Be
535,Erebia_styx,Nymphalidae,L,NA,NA,0.5,1,N,0.030,-0.006,1,1,0.707,Hp,Sh,NA,Ol,NA,NA,NA,NA,NA,3,3,3,7,9,Hf,NA,NA,NA,NA,NA
536,Erebia_stiria,Nymphalidae,L,NA,NA,1,1,N,0.022,-0.032,1,1,0.408,Hp,Sh,NA,Ol,NA,NA,NA,NA,NA,3,3,3,7,9,Hf,NA,NA,NA,NA,NA
537,Erebia_scipio,Nymphalidae,L,NA,NA,0.5,1,N,0.025,-0.067,1,1,0.500,Hp,Sh,NA,SiOl,NA,NA,NA,NA,NA,2,2,2,7,8,Hf,NA,NA,NA,Da,Be
538,Erebia_pronoe,Nymphalidae,L,NA,NA,1,1,N,0.018,0.010,3,2,0.707,Hp,Sh,NA,SiOl,NA,NA,NA,Sh,NA,3,4,3.5,6,9,Hf,NA,NA,NA,Da,BeSh
539,Erebia_melas,Nymphalidae,L,NA,NA,1,1,N,0.016,-0.022,1,1,1.000,NA,NA,NA,NA,NA,NA,NA,NA,NA,3,4,3.5,6,9,Hf,NA,NA,NA,Da,NA
540,Erebia_lefebvrei,Nymphalidae,L,NA,NA,1,1,N,0.012,-0.012,1,3,0.707,Hp,ShTh,Le,SiOl,NA,NA,Se,NA,NA,3,3,3,6,8,NA,NA,NA,NA,Da,ShTh
541,Erebia_zapateri,Nymphalidae,L,SuSs,Gl,1,1,N,-0.002,-0.029,2,3,0.289,BiAnHp,Sh,Le,SiOl,GlFl,LpMp,Se,BgSh,LiPs,3,4,3.5,6,9,Hf,NA,Pa,NA,Da,BeShGr
542,Erebia_neoridas,Nymphalidae,L,SsTs,Gl,1,1,N,0.002,0.017,3,3,0.289,AnHp,Sh,Le,NA,Fl,NA,Se,Sh,NA,2,3,2.5,8,10,Hf,NA,Pa,NA,Da,Be
,,,,,,,,,,,,,,,,,,,,,,,,,,,,,,,,,
,,,,,,,,,,,,,,,,,,,,,,,,,,,,,,,,,
,,,,,,,,,,,,,,,,,,,,,,,,,,,,,,,,,
,,,,,,,,,,,,,,,,,,,,,,,,,,,,,,,,,
,,,,,,,,,,,,,,,,,,,,,,,,,,,,,,,,,
,,,,,,,,,,,,,,,,,,,,,,,,,,,,,,,,,
,,,,,,,,,,,,,,,,,,,,,,,,,,,,,,,,,
,,,,,,,,,,,,,,,,,,,,,,,,,,,,,,,,,
,,,,,,,,,,,,,,,,,,,,,,,,,,,,,,,,,
,,,,,,,,,,,,,,,,,,,,,,,,,,,,,,,,,
,,,,,,,,,,,,,,,,,,,,,,,,,,,,,,,,,
,,,,,,,,,,,,,,,,,,,,,,,,,,,,,,,,,
,,,,,,,,,,,,,,,,,,,,,,,,,,,,,,,,,
,,,,,,,,,,,,,,,,,,,,,,,,,,,,,,,,,
,,,,,,,,,,,,,,,,,,,,,,,,,,,,,,,,,
,,,,,,,,,,,,,,,,,,,,,,,,,,,,,,,,,
,,,,,,,,,,,,,,,,,,,,,,,,,,,,,,,,,
,,,,,,,,,,,,,,,,,,,,,,,,,,,,,,,,,
,,,,,,,,,,,,,,,,,,,,,,,,,,,,,,,,,
,,,,,,,,,,,,,,,,,,,,,,,,,,,,,,,,,
,,,,,,,,,,,,,,,,,,,,,,,,,,,,,,,,,
,,,,,,,,,,,,,,,,,,,,,,,,,,,,,,,,,
,,,,,,,,,,,,,,,,,,,,,,,,,,,,,,,,,
,,,,,,,,,,,,,,,,,,,,,,,,,,,,,,,,,
,,,,,,,,,,,,,,,,,,,,,,,,,,,,,,,,,
,,,,,,,,,,,,,,,,,,,,,,,,,,,,,,,,,
,,,,,,,,,,,,,,,,,,,,,,,,,,,,,,,,,
,,,,,,,,,,,,,,,,,,,,,,,,,,,,,,,,,
,,,,,,,,,,,,,,,,,,,,,,,,,,,,,,,,,
,,,,,,,,,,,,,,,,,,,,,,,,,,,,,,,,,
,,,,,,,,,,,,,,,,,,,,,,,,,,,,,,,,,
,,,,,,,,,,,,,,,,,,,,,,,,,,,,,,,,,
,,,,,,,,,,,,,,,,,,,,,,,,,,,,,,,,,
,,,,,,,,,,,,,,,,,,,,,,,,,,,,,,,,,
,,,,,,,,,,,,,,,,,,,,,,,,,,,,,,,,,
,,,,,,,,,,,,,,,,,,,,,,,,,,,,,,,,,
,,,,,,,,,,,,,,,,,,,,,,,,,,,,,,,,,
,,,,,,,,,,,,,,,,,,,,,,,,,,,,,,,,,
,,,,,,,,,,,,,,,,,,,,,,,,,,,,,,,,,
,,,,,,,,,,,,,,,,,,,,,,,,,,,,,,,,,
,,,,,,,,,,,,,,,,,,,,,,,,,,,,,,,,,
,,,,,,,,,,,,,,,,,,,,,,,,,,,,,,,,,
,,,,,,,,,,,,,,,,,,,,,,,,,,,,,,,,,
,,,,,,,,,,,,,,,,,,,,,,,,,,,,,,,,,
,,,,,,,,,,,,,,,,,,,,,,,,,,,,,,,,,
,,,,,,,,,,,,,,,,,,,,,,,,,,,,,,,,,
,,,,,,,,,,,,,,,,,,,,,,,,,,,,,,,,,
,,,,,,,,,,,,,,,,,,,,,,,,,,,,,,,,,
,,,,,,,,,,,,,,,,,,,,,,,,,,,,,,,,,
,,,,,,,,,,,,,,,,,,,,,,,,,,,,,,,,,
,,,,,,,,,,,,,,,,,,,,,,,,,,,,,,,,,
,,,,,,,,,,,,,,,,,,,,,,,,,,,,,,,,,
,,,,,,,,,,,,,,,,,,,,,,,,,,,,,,,,,
,,,,,,,,,,,,,,,,,,,,,,,,,,,,,,,,,
,,,,,,,,,,,,,,,,,,,,,,,,,,,,,,,,,
,,,,,,,,,,,,,,,,,,,,,,,,,,,,,,,,,
,,,,,,,,,,,,,,,,,,,,,,,,,,,,,,,,,
,,,,,,,,,,,,,,,,,,,,,,,,,,,,,,,,,
,,,,,,,,,,,,,,,,,,,,,,,,,,,,,,,,,
,,,,,,,,,,,,,,,,,,,,,,,,,,,,,,,,,
,,,,,,,,,,,,,,,,,,,,,,,,,,,,,,,,,
,,,,,,,,,,,,,,,,,,,,,,,,,,,,,,,,,
,,,,,,,,,,,,,,,,,,,,,,,,,,,,,,,,,
,,,,,,,,,,,,,,,,,,,,,,,,,,,,,,,,,
,,,,,,,,,,,,,,,,,,,,,,,,,,,,,,,,,
,,,,,,,,,,,,,,,,,,,,,,,,,,,,,,,,,
,,,,,,,,,,,,,,,,,,,,,,,,,,,,,,,,,
,,,,,,,,,,,,,,,,,,,,,,,,,,,,,,,,,
,,,,,,,,,,,,,,,,,,,,,,,,,,,,,,,,,
,,,,,,,,,,,,,,,,,,,,,,,,,,,,,,,,,
,,,,,,,,,,,,,,,,,,,,,,,,,,,,,,,,,
,,,,,,,,,,,,,,,,,,,,,,,,,,,,,,,,,
,,,,,,,,,,,,,,,,,,,,,,,,,,,,,,,,,
,,,,,,,,,,,,,,,,,,,,,,,,,,,,,,,,,
,,,,,,,,,,,,,,,,,,,,,,,,,,,,,,,,,
,,,,,,,,,,,,,,,,,,,,,,,,,,,,,,,,,
,,,,,,,,,,,,,,,,,,,,,,,,,,,,,,,,,
,,,,,,,,,,,,,,,,,,,,,,,,,,,,,,,,,
,,,,,,,,,,,,,,,,,,,,,,,,,,,,,,,,,
,,,,,,,,,,,,,,,,,,,,,,,,,,,,,,,,,
,,,,,,,,,,,,,,,,,,,,,,,,,,,,,,,,,
,,,,,,,,,,,,,,,,,,,,,,,,,,,,,,,,,
,,,,,,,,,,,,,,,,,,,,,,,,,,,,,,,,,
,,,,,,,,,,,,,,,,,,,,,,,,,,,,,,,,,
,,,,,,,,,,,,,,,,,,,,,,,,,,,,,,,,,
,,,,,,,,,,,,,,,,,,,,,,,,,,,,,,,,,
,,,,,,,,,,,,,,,,,,,,,,,,,,,,,,,,,
,,,,,,,,,,,,,,,,,,,,,,,,,,,,,,,,,
,,,,,,,,,,,,,,,,,,,,,,,,,,,,,,,,,
,,,,,,,,,,,,,,,,,,,,,,,,,,,,,,,,,
,,,,,,,,,,,,,,,,,,,,,,,,,,,,,,,,,
,,,,,,,,,,,,,,,,,,,,,,,,,,,,,,,,,
,,,,,,,,,,,,,,,,,,,,,,,,,,,,,,,,,
,,,,,,,,,,,,,,,,,,,,,,,,,,,,,,,,,
,,,,,,,,,,,,,,,,,,,,,,,,,,,,,,,,,
,,,,,,,,,,,,,,,,,,,,,,,,,,,,,,,,,
,,,,,,,,,,,,,,,,,,,,,,,,,,,,,,,,,
,,,,,,,,,,,,,,,,,,,,,,,,,,,,,,,,,
,,,,,,,,,,,,,,,,,,,,,,,,,,,,,,,,,
,,,,,,,,,,,,,,,,,,,,,,,,,,,,,,,,,
,,,,,,,,,,,,,,,,,,,,,,,,,,,,,,,,,
,,,,,,,,,,,,,,,,,,,,,,,,,,,,,,,,,
,,,,,,,,,,,,,,,,,,,,,,,,,,,,,,,,,
,,,,,,,,,,,,,,,,,,,,,,,,,,,,,,,,,
,,,,,,,,,,,,,,,,,,,,,,,,,,,,,,,,,
,,,,,,,,,,,,,,,,,,,,,,,,,,,,,,,,,
,,,,,,,,,,,,,,,,,,,,,,,,,,,,,,,,,
,,,,,,,,,,,,,,,,,,,,,,,,,,,,,,,,,
,,,,,,,,,,,,,,,,,,,,,,,,,,,,,,,,,
,,,,,,,,,,,,,,,,,,,,,,,,,,,,,,,,,
,,,,,,,,,,,,,,,,,,,,,,,,,,,,,,,,,
,,,,,,,,,,,,,,,,,,,,,,,,,,,,,,,,,
,,,,,,,,,,,,,,,,,,,,,,,,,,,,,,,,,
,,,,,,,,,,,,,,,,,,,,,,,,,,,,,,,,,
,,,,,,,,,,,,,,,,,,,,,,,,,,,,,,,,,
,,,,,,,,,,,,,,,,,,,,,,,,,,,,,,,,,
,,,,,,,,,,,,,,,,,,,,,,,,,,,,,,,,,
,,,,,,,,,,,,,,,,,,,,,,,,,,,,,,,,,
,,,,,,,,,,,,,,,,,,,,,,,,,,,,,,,,,
,,,,,,,,,,,,,,,,,,,,,,,,,,,,,,,,,
,,,,,,,,,,,,,,,,,,,,,,,,,,,,,,,,,
,,,,,,,,,,,,,,,,,,,,,,,,,,,,,,,,,
,,,,,,,,,,,,,,,,,,,,,,,,,,,,,,,,,
,,,,,,,,,,,,,,,,,,,,,,,,,,,,,,,,,
,,,,,,,,,,,,,,,,,,,,,,,,,,,,,,,,,
,,,,,,,,,,,,,,,,,,,,,,,,,,,,,,,,,
,,,,,,,,,,,,,,,,,,,,,,,,,,,,,,,,,
,,,,,,,,,,,,,,,,,,,,,,,,,,,,,,,,,
,,,,,,,,,,,,,,,,,,,,,,,,,,,,,,,,,
,,,,,,,,,,,,,,,,,,,,,,,,,,,,,,,,,
,,,,,,,,,,,,,,,,,,,,,,,,,,,,,,,,,
,,,,,,,,,,,,,,,,,,,,,,,,,,,,,,,,,
,,,,,,,,,,,,,,,,,,,,,,,,,,,,,,,,,
,,,,,,,,,,,,,,,,,,,,,,,,,,,,,,,,,
,,,,,,,,,,,,,,,,,,,,,,,,,,,,,,,,,
,,,,,,,,,,,,,,,,,,,,,,,,,,,,,,,,,
,,,,,,,,,,,,,,,,,,,,,,,,,,,,,,,,,
,,,,,,,,,,,,,,,,,,,,,,,,,,,,,,,,,
,,,,,,,,,,,,,,,,,,,,,,,,,,,,,,,,,
,,,,,,,,,,,,,,,,,,,,,,,,,,,,,,,,,
,,,,,,,,,,,,,,,,,,,,,,,,,,,,,,,,,
,,,,,,,,,,,,,,,,,,,,,,,,,,,,,,,,,
,,,,,,,,,,,,,,,,,,,,,,,,,,,,,,,,,
,,,,,,,,,,,,,,,,,,,,,,,,,,,,,,,,,
,,,,,,,,,,,,,,,,,,,,,,,,,,,,,,,,,
,,,,,,,,,,,,,,,,,,,,,,,,,,,,,,,,,
,,,,,,,,,,,,,,,,,,,,,,,,,,,,,,,,,
,,,,,,,,,,,,,,,,,,,,,,,,,,,,,,,,,
,,,,,,,,,,,,,,,,,,,,,,,,,,,,,,,,,
,,,,,,,,,,,,,,,,,,,,,,,,,,,,,,,,,
,,,,,,,,,,,,,,,,,,,,,,,,,,,,,,,,,
,,,,,,,,,,,,,,,,,,,,,,,,,,,,,,,,,
,,,,,,,,,,,,,,,,,,,,,,,,,,,,,,,,,
,,,,,,,,,,,,,,,,,,,,,,,,,,,,,,,,,
,,,,,,,,,,,,,,,,,,,,,,,,,,,,,,,,,
,,,,,,,,,,,,,,,,,,,,,,,,,,,,,,,,,
,,,,,,,,,,,,,,,,,,,,,,,,,,,,,,,,,
,,,,,,,,,,,,,,,,,,,,,,,,,,,,,,,,,
,,,,,,,,,,,,,,,,,,,,,,,,,,,,,,,,,
,,,,,,,,,,,,,,,,,,,,,,,,,,,,,,,,,
,,,,,,,,,,,,,,,,,,,,,,,,,,,,,,,,,
,,,,,,,,,,,,,,,,,,,,,,,,,,,,,,,,,
,,,,,,,,,,,,,,,,,,,,,,,,,,,,,,,,,
,,,,,,,,,,,,,,,,,,,,,,,,,,,,,,,,,
,,,,,,,,,,,,,,,,,,,,,,,,,,,,,,,,,
,,,,,,,,,,,,,,,,,,,,,,,,,,,,,,,,,
,,,,,,,,,,,,,,,,,,,,,,,,,,,,,,,,,
,,,,,,,,,,,,,,,,,,,,,,,,,,,,,,,,,
,,,,,,,,,,,,,,,,,,,,,,,,,,,,,,,,,
,,,,,,,,,,,,,,,,,,,,,,,,,,,,,,,,,
,,,,,,,,,,,,,,,,,,,,,,,,,,,,,,,,,
,,,,,,,,,,,,,,,,,,,,,,,,,,,,,,,,,
,,,,,,,,,,,,,,,,,,,,,,,,,,,,,,,,,
,,,,,,,,,,,,,,,,,,,,,,,,,,,,,,,,,
,,,,,,,,,,,,,,,,,,,,,,,,,,,,,,,,,
,,,,,,,,,,,,,,,,,,,,,,,,,,,,,,,,,
,,,,,,,,,,,,,,,,,,,,,,,,,,,,,,,,,
,,,,,,,,,,,,,,,,,,,,,,,,,,,,,,,,,
,,,,,,,,,,,,,,,,,,,,,,,,,,,,,,,,,
,,,,,,,,,,,,,,,,,,,,,,,,,,,,,,,,,
,,,,,,,,,,,,,,,,,,,,,,,,,,,,,,,,,
,,,,,,,,,,,,,,,,,,,,,,,,,,,,,,,,,
,,,,,,,,,,,,,,,,,,,,,,,,,,,,,,,,,
,,,,,,,,,,,,,,,,,,,,,,,,,,,,,,,,,
,,,,,,,,,,,,,,,,,,,,,,,,,,,,,,,,,
,,,,,,,,,,,,,,,,,,,,,,,,,,,,,,,,,
,,,,,,,,,,,,,,,,,,,,,,,,,,,,,,,,,
,,,,,,,,,,,,,,,,,,,,,,,,,,,,,,,,,
,,,,,,,,,,,,,,,,,,,,,,,,,,,,,,,,,
,,,,,,,,,,,,,,,,,,,,,,,,,,,,,,,,,
,,,,,,,,,,,,,,,,,,,,,,,,,,,,,,,,,
,,,,,,,,,,,,,,,,,,,,,,,,,,,,,,,,,
,,,,,,,,,,,,,,,,,,,,,,,,,,,,,,,,,
,,,,,,,,,,,,,,,,,,,,,,,,,,,,,,,,,
,,,,,,,,,,,,,,,,,,,,,,,,,,,,,,,,,
,,,,,,,,,,,,,,,,,,,,,,,,,,,,,,,,,
,,,,,,,,,,,,,,,,,,,,,,,,,,,,,,,,,
,,,,,,,,,,,,,,,,,,,,,,,,,,,,,,,,,
,,,,,,,,,,,,,,,,,,,,,,,,,,,,,,,,,
,,,,,,,,,,,,,,,,,,,,,,,,,,,,,,,,,
,,,,,,,,,,,,,,,,,,,,,,,,,,,,,,,,,
,,,,,,,,,,,,,,,,,,,,,,,,,,,,,,,,,
,,,,,,,,,,,,,,,,,,,,,,,,,,,,,,,,,
,,,,,,,,,,,,,,,,,,,,,,,,,,,,,,,,,
,,,,,,,,,,,,,,,,,,,,,,,,,,,,,,,,,
,,,,,,,,,,,,,,,,,,,,,,,,,,,,,,,,,
,,,,,,,,,,,,,,,,,,,,,,,,,,,,,,,,,
,,,,,,,,,,,,,,,,,,,,,,,,,,,,,,,,,
,,,,,,,,,,,,,,,,,,,,,,,,,,,,,,,,,
,,,,,,,,,,,,,,,,,,,,,,,,,,,,,,,,,
,,,,,,,,,,,,,,,,,,,,,,,,,,,,,,,,,
,,,,,,,,,,,,,,,,,,,,,,,,,,,,,,,,,
,,,,,,,,,,,,,,,,,,,,,,,,,,,,,,,,,
,,,,,,,,,,,,,,,,,,,,,,,,,,,,,,,,,
,,,,,,,,,,,,,,,,,,,,,,,,,,,,,,,,,
,,,,,,,,,,,,,,,,,,,,,,,,,,,,,,,,,
,,,,,,,,,,,,,,,,,,,,,,,,,,,,,,,,,
,,,,,,,,,,,,,,,,,,,,,,,,,,,,,,,,,
,,,,,,,,,,,,,,,,,,,,,,,,,,,,,,,,,
,,,,,,,,,,,,,,,,,,,,,,,,,,,,,,,,,
,,,,,,,,,,,,,,,,,,,,,,,,,,,,,,,,,
,,,,,,,,,,,,,,,,,,,,,,,,,,,,,,,,,
,,,,,,,,,,,,,,,,,,,,,,,,,,,,,,,,,
,,,,,,,,,,,,,,,,,,,,,,,,,,,,,,,,,
,,,,,,,,,,,,,,,,,,,,,,,,,,,,,,,,,
,,,,,,,,,,,,,,,,,,,,,,,,,,,,,,,,,
,,,,,,,,,,,,,,,,,,,,,,,,,,,,,,,,,
,,,,,,,,,,,,,,,,,,,,,,,,,,,,,,,,,
,,,,,,,,,,,,,,,,,,,,,,,,,,,,,,,,,
,,,,,,,,,,,,,,,,,,,,,,,,,,,,,,,,,
,,,,,,,,,,,,,,,,,,,,,,,,,,,,,,,,,
,,,,,,,,,,,,,,,,,,,,,,,,,,,,,,,,,
,,,,,,,,,,,,,,,,,,,,,,,,,,,,,,,,,
,,,,,,,,,,,,,,,,,,,,,,,,,,,,,,,,,
,,,,,,,,,,,,,,,,,,,,,,,,,,,,,,,,,
,,,,,,,,,,,,,,,,,,,,,,,,,,,,,,,,,
,,,,,,,,,,,,,,,,,,,,,,,,,,,,,,,,,
,,,,,,,,,,,,,,,,,,,,,,,,,,,,,,,,,
,,,,,,,,,,,,,,,,,,,,,,,,,,,,,,,,,
,,,,,,,,,,,,,,,,,,,,,,,,,,,,,,,,,
,,,,,,,,,,,,,,,,,,,,,,,,,,,,,,,,,
,,,,,,,,,,,,,,,,,,,,,,,,,,,,,,,,,
,,,,,,,,,,,,,,,,,,,,,,,,,,,,,,,,,
,,,,,,,,,,,,,,,,,,,,,,,,,,,,,,,,,
,,,,,,,,,,,,,,,,,,,,,,,,,,,,,,,,,
,,,,,,,,,,,,,,,,,,,,,,,,,,,,,,,,,
,,,,,,,,,,,,,,,,,,,,,,,,,,,,,,,,,
,,,,,,,,,,,,,,,,,,,,,,,,,,,,,,,,,
,,,,,,,,,,,,,,,,,,,,,,,,,,,,,,,,,
,,,,,,,,,,,,,,,,,,,,,,,,,,,,,,,,,
,,,,,,,,,,,,,,,,,,,,,,,,,,,,,,,,,
,,,,,,,,,,,,,,,,,,,,,,,,,,,,,,,,,
,,,,,,,,,,,,,,,,,,,,,,,,,,,,,,,,,
,,,,,,,,,,,,,,,,,,,,,,,,,,,,,,,,,
,,,,,,,,,,,,,,,,,,,,,,,,,,,,,,,,,
,,,,,,,,,,,,,,,,,,,,,,,,,,,,,,,,,
,,,,,,,,,,,,,,,,,,,,,,,,,,,,,,,,,
,,,,,,,,,,,,,,,,,,,,,,,,,,,,,,,,,
,,,,,,,,,,,,,,,,,,,,,,,,,,,,,,,,,
,,,,,,,,,,,,,,,,,,,,,,,,,,,,,,,,,
,,,,,,,,,,,,,,,,,,,,,,,,,,,,,,,,,
,,,,,,,,,,,,,,,,,,,,,,,,,,,,,,,,,
,,,,,,,,,,,,,,,,,,,,,,,,,,,,,,,,,
,,,,,,,,,,,,,,,,,,,,,,,,,,,,,,,,,
,,,,,,,,,,,,,,,,,,,,,,,,,,,,,,,,,
,,,,,,,,,,,,,,,,,,,,,,,,,,,,,,,,,
,,,,,,,,,,,,,,,,,,,,,,,,,,,,,,,,,
,,,,,,,,,,,,,,,,,,,,,,,,,,,,,,,,,
,,,,,,,,,,,,,,,,,,,,,,,,,,,,,,,,,
,,,,,,,,,,,,,,,,,,,,,,,,,,,,,,,,,
,,,,,,,,,,,,,,,,,,,,,,,,,,,,,,,,,
,,,,,,,,,,,,,,,,,,,,,,,,,,,,,,,,,
,,,,,,,,,,,,,,,,,,,,,,,,,,,,,,,,,
,,,,,,,,,,,,,,,,,,,,,,,,,,,,,,,,,
,,,,,,,,,,,,,,,,,,,,,,,,,,,,,,,,,
,,,,,,,,,,,,,,,,,,,,,,,,,,,,,,,,,
,,,,,,,,,,,,,,,,,,,,,,,,,,,,,,,,,
,,,,,,,,,,,,,,,,,,,,,,,,,,,,,,,,,
,,,,,,,,,,,,,,,,,,,,,,,,,,,,,,,,,
,,,,,,,,,,,,,,,,,,,,,,,,,,,,,,,,,
,,,,,,,,,,,,,,,,,,,,,,,,,,,,,,,,,
,,,,,,,,,,,,,,,,,,,,,,,,,,,,,,,,,
,,,,,,,,,,,,,,,,,,,,,,,,,,,,,,,,,
,,,,,,,,,,,,,,,,,,,,,,,,,,,,,,,,,
,,,,,,,,,,,,,,,,,,,,,,,,,,,,,,,,,
,,,,,,,,,,,,,,,,,,,,,,,,,,,,,,,,,
,,,,,,,,,,,,,,,,,,,,,,,,,,,,,,,,,
,,,,,,,,,,,,,,,,,,,,,,,,,,,,,,,,,
,,,,,,,,,,,,,,,,,,,,,,,,,,,,,,,,,
,,,,,,,,,,,,,,,,,,,,,,,,,,,,,,,,,
,,,,,,,,,,,,,,,,,,,,,,,,,,,,,,,,,
,,,,,,,,,,,,,,,,,,,,,,,,,,,,,,,,,
,,,,,,,,,,,,,,,,,,,,,,,,,,,,,,,,,
,,,,,,,,,,,,,,,,,,,,,,,,,,,,,,,,,
,,,,,,,,,,,,,,,,,,,,,,,,,,,,,,,,,
,,,,,,,,,,,,,,,,,,,,,,,,,,,,,,,,,
,,,,,,,,,,,,,,,,,,,,,,,,,,,,,,,,,
,,,,,,,,,,,,,,,,,,,,,,,,,,,,,,,,,
,,,,,,,,,,,,,,,,,,,,,,,,,,,,,,,,,
,,,,,,,,,,,,,,,,,,,,,,,,,,,,,,,,,
,,,,,,,,,,,,,,,,,,,,,,,,,,,,,,,,,
,,,,,,,,,,,,,,,,,,,,,,,,,,,,,,,,,
,,,,,,,,,,,,,,,,,,,,,,,,,,,,,,,,,
,,,,,,,,,,,,,,,,,,,,,,,,,,,,,,,,,
,,,,,,,,,,,,,,,,,,,,,,,,,,,,,,,,,
,,,,,,,,,,,,,,,,,,,,,,,,,,,,,,,,,
,,,,,,,,,,,,,,,,,,,,,,,,,,,,,,,,,
,,,,,,,,,,,,,,,,,,,,,,,,,,,,,,,,,
,,,,,,,,,,,,,,,,,,,,,,,,,,,,,,,,,
,,,,,,,,,,,,,,,,,,,,,,,,,,,,,,,,,
,,,,,,,,,,,,,,,,,,,,,,,,,,,,,,,,,
,,,,,,,,,,,,,,,,,,,,,,,,,,,,,,,,,
,,,,,,,,,,,,,,,,,,,,,,,,,,,,,,,,,
,,,,,,,,,,,,,,,,,,,,,,,,,,,,,,,,,
,,,,,,,,,,,,,,,,,,,,,,,,,,,,,,,,,
,,,,,,,,,,,,,,,,,,,,,,,,,,,,,,,,,
,,,,,,,,,,,,,,,,,,,,,,,,,,,,,,,,,
,,,,,,,,,,,,,,,,,,,,,,,,,,,,,,,,,
,,,,,,,,,,,,,,,,,,,,,,,,,,,,,,,,,
,,,,,,,,,,,,,,,,,,,,,,,,,,,,,,,,,
,,,,,,,,,,,,,,,,,,,,,,,,,,,,,,,,,
,,,,,,,,,,,,,,,,,,,,,,,,,,,,,,,,,
,,,,,,,,,,,,,,,,,,,,,,,,,,,,,,,,,
,,,,,,,,,,,,,,,,,,,,,,,,,,,,,,,,,
,,,,,,,,,,,,,,,,,,,,,,,,,,,,,,,,,
,,,,,,,,,,,,,,,,,,,,,,,,,,,,,,,,,
,,,,,,,,,,,,,,,,,,,,,,,,,,,,,,,,,
,,,,,,,,,,,,,,,,,,,,,,,,,,,,,,,,,
,,,,,,,,,,,,,,,,,,,,,,,,,,,,,,,,,
,,,,,,,,,,,,,,,,,,,,,,,,,,,,,,,,,
,,,,,,,,,,,,,,,,,,,,,,,,,,,,,,,,,
,,,,,,,,,,,,,,,,,,,,,,,,,,,,,,,,,
,,,,,,,,,,,,,,,,,,,,,,,,,,,,,,,,,
,,,,,,,,,,,,,,,,,,,,,,,,,,,,,,,,,
,,,,,,,,,,,,,,,,,,,,,,,,,,,,,,,,,
,,,,,,,,,,,,,,,,,,,,,,,,,,,,,,,,,
,,,,,,,,,,,,,,,,,,,,,,,,,,,,,,,,,
,,,,,,,,,,,,,,,,,,,,,,,,,,,,,,,,,
,,,,,,,,,,,,,,,,,,,,,,,,,,,,,,,,,
,,,,,,,,,,,,,,,,,,,,,,,,,,,,,,,,,
,,,,,,,,,,,,,,,,,,,,,,,,,,,,,,,,,
,,,,,,,,,,,,,,,,,,,,,,,,,,,,,,,,,
,,,,,,,,,,,,,,,,,,,,,,,,,,,,,,,,,
,,,,,,,,,,,,,,,,,,,,,,,,,,,,,,,,,
,,,,,,,,,,,,,,,,,,,,,,,,,,,,,,,,,
,,,,,,,,,,,,,,,,,,,,,,,,,,,,,,,,,
,,,,,,,,,,,,,,,,,,,,,,,,,,,,,,,,,
,,,,,,,,,,,,,,,,,,,,,,,,,,,,,,,,,
,,,,,,,,,,,,,,,,,,,,,,,,,,,,,,,,,
,,,,,,,,,,,,,,,,,,,,,,,,,,,,,,,,,
,,,,,,,,,,,,,,,,,,,,,,,,,,,,,,,,,
,,,,,,,,,,,,,,,,,,,,,,,,,,,,,,,,,
,,,,,,,,,,,,,,,,,,,,,,,,,,,,,,,,,
,,,,,,,,,,,,,,,,,,,,,,,,,,,,,,,,,
,,,,,,,,,,,,,,,,,,,,,,,,,,,,,,,,,
,,,,,,,,,,,,,,,,,,,,,,,,,,,,,,,,,
,,,,,,,,,,,,,,,,,,,,,,,,,,,,,,,,,
,,,,,,,,,,,,,,,,,,,,,,,,,,,,,,,,,
,,,,,,,,,,,,,,,,,,,,,,,,,,,,,,,,,
,,,,,,,,,,,,,,,,,,,,,,,,,,,,,,,,,
,,,,,,,,,,,,,,,,,,,,,,,,,,,,,,,,,
,,,,,,,,,,,,,,,,,,,,,,,,,,,,,,,,,
,,,,,,,,,,,,,,,,,,,,,,,,,,,,,,,,,
,,,,,,,,,,,,,,,,,,,,,,,,,,,,,,,,,
,,,,,,,,,,,,,,,,,,,,,,,,,,,,,,,,,
,,,,,,,,,,,,,,,,,,,,,,,,,,,,,,,,,
,,,,,,,,,,,,,,,,,,,,,,,,,,,,,,,,,
,,,,,,,,,,,,,,,,,,,,,,,,,,,,,,,,,
,,,,,,,,,,,,,,,,,,,,,,,,,,,,,,,,,
,,,,,,,,,,,,,,,,,,,,,,,,,,,,,,,,,
,,,,,,,,,,,,,,,,,,,,,,,,,,,,,,,,,
,,,,,,,,,,,,,,,,,,,,,,,,,,,,,,,,,
,,,,,,,,,,,,,,,,,,,,,,,,,,,,,,,,,
,,,,,,,,,,,,,,,,,,,,,,,,,,,,,,,,,
,,,,,,,,,,,,,,,,,,,,,,,,,,,,,,,,,
,,,,,,,,,,,,,,,,,,,,,,,,,,,,,,,,,
,,,,,,,,,,,,,,,,,,,,,,,,,,,,,,,,,
,,,,,,,,,,,,,,,,,,,,,,,,,,,,,,,,,
,,,,,,,,,,,,,,,,,,,,,,,,,,,,,,,,,
,,,,,,,,,,,,,,,,,,,,,,,,,,,,,,,,,
,,,,,,,,,,,,,,,,,,,,,,,,,,,,,,,,,
,,,,,,,,,,,,,,,,,,,,,,,,,,,,,,,,,
,,,,,,,,,,,,,,,,,,,,,,,,,,,,,,,,,
,,,,,,,,,,,,,,,,,,,,,,,,,,,,,,,,,
,,,,,,,,,,,,,,,,,,,,,,,,,,,,,,,,,
,,,,,,,,,,,,,,,,,,,,,,,,,,,,,,,,,
,,,,,,,,,,,,,,,,,,,,,,,,,,,,,,,,,
,,,,,,,,,,,,,,,,,,,,,,,,,,,,,,,,,
,,,,,,,,,,,,,,,,,,,,,,,,,,,,,,,,,
,,,,,,,,,,,,,,,,,,,,,,,,,,,,,,,,,
,,,,,,,,,,,,,,,,,,,,,,,,,,,,,,,,,
,,,,,,,,,,,,,,,,,,,,,,,,,,,,,,,,,
,,,,,,,,,,,,,,,,,,,,,,,,,,,,,,,,,
,,,,,,,,,,,,,,,,,,,,,,,,,,,,,,,,,
,,,,,,,,,,,,,,,,,,,,,,,,,,,,,,,,,
,,,,,,,,,,,,,,,,,,,,,,,,,,,,,,,,,
,,,,,,,,,,,,,,,,,,,,,,,,,,,,,,,,,
,,,,,,,,,,,,,,,,,,,,,,,,,,,,,,,,,
,,,,,,,,,,,,,,,,,,,,,,,,,,,,,,,,,
,,,,,,,,,,,,,,,,,,,,,,,,,,,,,,,,,
,,,,,,,,,,,,,,,,,,,,,,,,,,,,,,,,,
,,,,,,,,,,,,,,,,,,,,,,,,,,,,,,,,,
,,,,,,,,,,,,,,,,,,,,,,,,,,,,,,,,,
,,,,,,,,,,,,,,,,,,,,,,,,,,,,,,,,,
,,,,,,,,,,,,,,,,,,,,,,,,,,,,,,,,,
,,,,,,,,,,,,,,,,,,,,,,,,,,,,,,,,,
,,,,,,,,,,,,,,,,,,,,,,,,,,,,,,,,,
,,,,,,,,,,,,,,,,,,,,,,,,,,,,,,,,,
,,,,,,,,,,,,,,,,,,,,,,,,,,,,,,,,,
,,,,,,,,,,,,,,,,,,,,,,,,,,,,,,,,,
,,,,,,,,,,,,,,,,,,,,,,,,,,,,,,,,,
,,,,,,,,,,,,,,,,,,,,,,,,,,,,,,,,,
,,,,,,,,,,,,,,,,,,,,,,,,,,,,,,,,,
,,,,,,,,,,,,,,,,,,,,,,,,,,,,,,,,,
,,,,,,,,,,,,,,,,,,,,,,,,,,,,,,,,,
,,,,,,,,,,,,,,,,,,,,,,,,,,,,,,,,,
,,,,,,,,,,,,,,,,,,,,,,,,,,,,,,,,,
,,,,,,,,,,,,,,,,,,,,,,,,,,,,,,,,,
,,,,,,,,,,,,,,,,,,,,,,,,,,,,,,,,,
,,,,,,,,,,,,,,,,,,,,,,,,,,,,,,,,,
,,,,,,,,,,,,,,,,,,,,,,,,,,,,,,,,,
,,,,,,,,,,,,,,,,,,,,,,,,,,,,,,,,,
,,,,,,,,,,,,,,,,,,,,,,,,,,,,,,,,,
,,,,,,,,,,,,,,,,,,,,,,,,,,,,,,,,,
,,,,,,,,,,,,,,,,,,,,,,,,,,,,,,,,,
,,,,,,,,,,,,,,,,,,,,,,,,,,,,,,,,,
,,,,,,,,,,,,,,,,,,,,,,,,,,,,,,,,,
,,,,,,,,,,,,,,,,,,,,,,,,,,,,,,,,,
,,,,,,,,,,,,,,,,,,,,,,,,,,,,,,,,,
,,,,,,,,,,,,,,,,,,,,,,,,,,,,,,,,,
,,,,,,,,,,,,,,,,,,,,,,,,,,,,,,,,,
,,,,,,,,,,,,,,,,,,,,,,,,,,,,,,,,,
,,,,,,,,,,,,,,,,,,,,,,,,,,,,,,,,,
,,,,,,,,,,,,,,,,,,,,,,,,,,,,,,,,,
,,,,,,,,,,,,,,,,,,,,,,,,,,,,,,,,,
,,,,,,,,,,,,,,,,,,,,,,,,,,,,,,,,,
,,,,,,,,,,,,,,,,,,,,,,,,,,,,,,,,,
,,,,,,,,,,,,,,,,,,,,,,,,,,,,,,,,,
,,,,,,,,,,,,,,,,,,,,,,,,,,,,,,,,,
,,,,,,,,,,,,,,,,,,,,,,,,,,,,,,,,,
,,,,,,,,,,,,,,,,,,,,,,,,,,,,,,,,,
,,,,,,,,,,,,,,,,,,,,,,,,,,,,,,,,,
,,,,,,,,,,,,,,,,,,,,,,,,,,,,,,,,,
,,,,,,,,,,,,,,,,,,,,,,,,,,,,,,,,,
,,,,,,,,,,,,,,,,,,,,,,,,,,,,,,,,,
,,,,,,,,,,,,,,,,,,,,,,,,,,,,,,,,,
,,,,,,,,,,,,,,,,,,,,,,,,,,,,,,,,,
,,,,,,,,,,,,,,,,,,,,,,,,,,,,,,,,,
,,,,,,,,,,,,,,,,,,,,,,,,,,,,,,,,,
,,,,,,,,,,,,,,,,,,,,,,,,,,,,,,,,,
,,,,,,,,,,,,,,,,,,,,,,,,,,,,,,,,,
,,,,,,,,,,,,,,,,,,,,,,,,,,,,,,,,,
,,,,,,,,,,,,,,,,,,,,,,,,,,,,,,,,,
,,,,,,,,,,,,,,,,,,,,,,,,,,,,,,,,,
,,,,,,,,,,,,,,,,,,,,,,,,,,,,,,,,,
,,,,,,,,,,,,,,,,,,,,,,,,,,,,,,,,,