ID,Taxon,Family,WIn,FMo_Average
1,Iphiclides_podalirius,Papilionidae,0.118,6
2,Iphiclides_feisthamelii,Papilionidae,0.120,7.5
3,Papilio_alexanor,Papilionidae,0.083,4
4,Papilio_machaon,Papilionidae,0.116,6.5
5,Papilio_hospiton,Papilionidae,0.102,3
6,Papilio_saharae,Papilionidae,0.088,9
7,Parnassius_mnemosyne,Papilionidae,0.068,3
8,Parnassius_phoebus,Papilionidae,0.086,3
9,Parnassius_apollo,Papilionidae,0.117,4.5
10,Archon_apollinus,Papilionidae,0.056,3.5
11,Zerynthia_cerisy,Papilionidae,0.057,5
12,Zerynthia_cretica,Papilionidae,0.043,4.5
13,Zerynthia_caucasica,Papilionidae,0.057,4
14,Zerynthia_rumina,Papilionidae,0.025,5
15,Zerynthia_polyxena,Papilionidae,0.031,4
16,Zerynthia_cassandra,Papilionidae,0.026,4
17,Heteropterus_morpheus,Hesperiidae,-0.025,3
18,Carterocephalus_silvicola,Hesperiidae,-0.055,2.5
19,Carterocephalus_palaemon,Hesperiidae,-0.044,2.5
20,Pelopidas_thrax,Hesperiidae,-0.023,10
21,Borbo_borbonica,Hesperiidae,-0.035,4.5
22,Gegenes_pumilio,Hesperiidae,-0.037,9
23,Gegenes_nostrodamus,Hesperiidae,-0.031,9
24,Ochlodes_sylvanus,Hesperiidae,-0.035,4
25,Hesperia_comma,Hesperiidae,-0.036,3.5
26,Thymelicus_christi,Hesperiidae,-0.056,9
27,Thymelicus_acteon,Hesperiidae,-0.056,4.5
28,Thymelicus_hamza,Hesperiidae,-0.057,2.5
29,Thymelicus_hyrax,Hesperiidae,-0.031,3
30,Thymelicus_sylvestris,Hesperiidae,-0.045,4.5
31,Thymelicus_lineola,Hesperiidae,-0.052,3.5
32,Spialia_phlomidis,Hesperiidae,-0.039,4
33,Spialia_sertorius,Hesperiidae,-0.059,7
34,Spialia_therapne,Hesperiidae,-0.061,5
35,Spialia_rosae,Hesperiidae,-0.058,5.5
36,Spialia_orbifer,Hesperiidae,-0.054,5.5
37,Carcharodus_tripolinus,Hesperiidae,-0.036,7
38,Carcharodus_alceae,Hesperiidae,-0.041,8
39,Muschampia_cribrellum,Hesperiidae,-0.038,3
40,Muschampia_proto,Hesperiidae,-0.033,4
41,Muschampia_tessellum,Hesperiidae,-0.016,4.5
42,Muschampia_mohammed,Hesperiidae,-0.034,7
43,Carcharodus_lavatherae,Hesperiidae,-0.032,4
44,Carcharodus_orientalis,Hesperiidae,-0.038,4.5
45,Carcharodus_floccifera,Hesperiidae,-0.035,4.5
46,Carcharodus_stauderi,Hesperiidae,-0.043,8
47,Carcharodus_baeticus,Hesperiidae,-0.043,4
48,Erynnis_tages,Hesperiidae,-0.042,4
49,Erynnis_marloyi,Hesperiidae,-0.035,6
50,Pyrgus_malvoides,Hesperiidae,-0.061,3.5
51,Pyrgus_malvae,Hesperiidae,-0.058,5
52,Pyrgus_carthami,Hesperiidae,-0.031,5
53,Pyrgus_sidae,Hesperiidae,-0.028,4
54,Pyrgus_centaureae,Hesperiidae,-0.043,2.5
55,Pyrgus_cacaliae,Hesperiidae,-0.039,2.5
56,Pyrgus_andromedae,Hesperiidae,-0.037,3
57,Pyrgus_serratulae,Hesperiidae,-0.045,3
58,Pyrgus_armoricanus,Hesperiidae,-0.049,5.5
59,Pyrgus_alveus,Hesperiidae,-0.038,3.5
60,Pyrgus_warrenensis,Hesperiidae,-0.056,2
61,Pyrgus_foulquieri,Hesperiidae,-0.037,3
62,Pyrgus_onopordi,Hesperiidae,-0.052,7
63,Pyrgus_carlinae,Hesperiidae,-0.044,2
64,Pyrgus_cirsii,Hesperiidae,-0.045,3
65,Pyrgus_cinarae,Hesperiidae,-0.036,4
66,Leptidea_duponcheli,Pieridae,-0.008,5
67,Leptidea_morsei,Pieridae,0.010,5
68,Leptidea_juvernica,Pieridae,0.008,3
69,Leptidea_sinapis,Pieridae,-0.003,6
70,Leptidea_reali,Pieridae,0.000,6
71,Gonepteryx_rhamni,Pieridae,0.063,8
72,Gonepteryx_cleobule,Pieridae,0.080,4
73,Gonepteryx_cleopatra,Pieridae,0.061,7.5
74,Gonepteryx_maderensis,Pieridae,0.067,9
75,Gonepteryx_farinosa,Pieridae,0.063,11
76,Catopsilia_florella,Pieridae,0.055,11
77,Colias_hyale,Pieridae,0.017,6.5
78,Colias_alfacariensis,Pieridae,0.021,6.5
79,Colias_phicomone,Pieridae,0.015,3.5
80,Colias_aurorina,Pieridae,0.056,5
81,Colias_chrysotheme,Pieridae,0.012,7
82,Colias_erate,Pieridae,0.028,4.5
83,Colias_crocea,Pieridae,0.025,7
84,Colias_myrmidone,Pieridae,0.024,5.5
85,Colias_caucasica,Pieridae,0.050,3
86,Colias_palaeno,Pieridae,0.029,3
87,Colias_tyche,Pieridae,0.027,3
88,Colias_hecla,Pieridae,0.009,3
89,Colotis_evagore,Pieridae,-0.025,9
90,Aporia_crataegi,Pieridae,0.076,3.5
91,Pontia_chloridice,Pieridae,-0.001,6
92,Pontia_callidice,Pieridae,0.018,4
93,Pontia_edusa,Pieridae,0.011,5.5
94,Pontia_glauconome,Pieridae,-0.005,11.5
95,Pontia_daplidice,Pieridae,0.007,5.5
96,Pieris_krueperi,Pieridae,0.017,8
97,Pieris_brassicae,Pieridae,0.067,7
98,Pieris_wollastoni,Pieridae,0.059,7
99,Pieris_cheiranthi,Pieridae,0.077,12
100,Pieris_rapae,Pieridae,0.020,9.5
101,Pieris_mannii,Pieridae,0.018,7.5
102,Pieris_ergane,Pieridae,0.008,7.5
103,Pieris_bryoniae,Pieridae,0.011,4
104,Pieris_napi,Pieridae,0.015,5.5
105,Pieris_segonzaci,Pieridae,0.037,3
106,Pieris_balcana,Pieridae,0.021,7
107,Euchloe_tagis,Pieridae,-0.013,3
108,Euchloe_eversi,Pieridae,0.001,4
109,Euchloe_grancanariensis,Pieridae,0.001,7
110,Euchloe_hesperidum,Pieridae,-0.009,6
111,Euchloe_belemia,Pieridae,0.001,5
112,Euchloe_insularis,Pieridae,-0.011,5
113,Euchloe_crameri,Pieridae,0.008,3
114,Euchloe_simplonia,Pieridae,0.016,4
115,Euchloe_ausonia,Pieridae,0.016,5
116,Euchloe_charlonia,Pieridae,-0.032,8.5
117,Euchloe_penia,Pieridae,-0.021,5
118,Euchloe_bazae,Pieridae,-0.014,4
119,Euchloe_falloui,Pieridae,-0.007,7
120,Zegris_pyrothoe,Pieridae,-0.008,2
121,Zegris_eupheme,Pieridae,0.031,4
122,Anthocharis_euphenoides,Pieridae,-0.012,3.5
123,Anthocharis_belia,Pieridae,-0.011,6
124,Anthocharis_cardamines,Pieridae,0.001,4
125,Anthocharis_gruneri,Pieridae,-0.024,4
126,Anthocharis_damone,Pieridae,-0.005,3
127,Hamearis_lucina,Riodinidae,-0.032,6
128,Lycaena_dimorpha,Lycaenidae,-0.046,2
129,Lycaena_helle,Lycaenidae,-0.052,6
130,Lycaena_alciphron,Lycaenidae,-0.018,4
131,Lycaena_thetis,Lycaenidae,-0.037,2
132,Lycaena_thersamon,Lycaenidae,-0.035,9
133,Lycaena_phoebus,Lycaenidae,-0.048,6
134,Lycaena_dispar,Lycaenidae,-0.012,6.5
135,Lycaena_hippothoe,Lycaenidae,-0.027,4.5
136,Lycaena_candens,Lycaenidae,-0.012,3.5
137,Lycaena_ottomana,Lycaenidae,-0.038,7
138,Lycaena_bleusei,Lycaenidae,-0.035,9
139,Lycaena_phlaeas,Lycaenidae,-0.048,9.5
140,Lycaena_virgaureae,Lycaenidae,-0.035,5
141,Lycaena_tityrus,Lycaenidae,-0.036,7
142,Cigaritis_zohra,Lycaenidae,-0.056,3
143,Cigaritis_siphax,Lycaenidae,-0.055,7
144,Cigaritis_allardi,Lycaenidae,-0.050,3
145,Cigaritis_acamas,Lycaenidae,-0.037,7.5
146,Thecla_betulae,Lycaenidae,-0.016,4.5
147,Favonius_quercus,Lycaenidae,-0.032,5
148,Laeosopis_roboris,Lycaenidae,-0.031,3
149,Tomares_ballus,Lycaenidae,-0.038,4
150,Tomares_nogelii,Lycaenidae,-0.032,3.5
151,Tomares_callimachus,Lycaenidae,-0.044,3
152,Tomares_mauretanicus,Lycaenidae,-0.044,7
153,Deudorix_livia,Lycaenidae,-0.026,10
154,Callophrys_avis,Lycaenidae,-0.028,3
155,Callophrys_rubi,Lycaenidae,-0.047,6
156,Callophrys_suaveola,Lycaenidae,-0.029,2
157,Callophrys_chalybeitincta,Lycaenidae,-0.048451335,3.5
158,Neolycaena_rhymnus,Lycaenidae,-0.046,3
159,Satyrium_pruni,Lycaenidae,-0.033,3
160,Satyrium_ilicis,Lycaenidae,-0.025,4
161,Satyrium_esculi,Lycaenidae,-0.029,4
162,Satyrium_ledereri,Lycaenidae,-0.040,3.5
163,Satyrium_w-album,Lycaenidae,-0.029,3
164,Satyrium_spini,Lycaenidae,-0.033,3.5
165,Satyrium_acaciae,Lycaenidae,-0.036,3
166,Leptotes_pirithous,Lycaenidae,-0.053,8
167,Cyclyrius_webbianus,Lycaenidae,-0.041,12
168,Azanus_ubaldus,Lycaenidae,-0.079,8.5
169,Azanus_jesous,Lycaenidae,-0.062,7
170,Lampides_boeticus,Lycaenidae,-0.030,9
171,Cacyreus_marshalli,Lycaenidae,-0.057,8
172,Celastrina_argiolus,Lycaenidae,-0.039,7
173,Tarucus_theophrastus,Lycaenidae,-0.065,6
174,Tarucus_rosaceus,Lycaenidae,-0.067,9
175,Tarucus_balkanicus,Lycaenidae,-0.066,7
176,Phengaris_alcon,Lycaenidae,-0.013,3
177,Phengaris_arion,Lycaenidae,-0.013,4
178,Phengaris_teleius,Lycaenidae,-0.021,3
179,Phengaris_nausithous,Lycaenidae,-0.015,3
180,Turanana_taygetica,Lycaenidae,-0.063,4
181,Pseudophilotes_bavius,Lycaenidae,-0.047,3
182,Pseudophilotes_fatma,Lycaenidae,-0.051,2.5
183,Pseudophilotes_barbagiae,Lycaenidae,-0.066,4
184,Pseudophilotes_abencerragus,Lycaenidae,-0.070,2
185,Pseudophilotes_panoptes,Lycaenidae,-0.066,6
186,Pseudophilotes_vicrama,Lycaenidae,-0.062,5
187,Pseudophilotes_baton,Lycaenidae,-0.061,5
188,Scolitantides_orion,Lycaenidae,-0.039,5
189,Praephilotes_anthracias,Lycaenidae,-0.050164523,2
190,Iolana_iolas,Lycaenidae,0.001,4
191,Iolana_debilitata,Lycaenidae,-0.008,5
192,Glaucopsyche_melanops,Lycaenidae,-0.046,2
193,Glaucopsyche_paphos,Lycaenidae,-0.053,2
194,Glaucopsyche_alexis,Lycaenidae,-0.036,5
195,Zizeeria_knysna,Lycaenidae,-0.063,9
196,Zizeeria_karsandra,Lycaenidae,-0.060,9
197,Tongeia_fischeri,Lycaenidae,-0.059,4
198,Cupido_argiades,Lycaenidae,-0.046,6
199,Cupido_decoloratus,Lycaenidae,-0.051,5
200,Cupido_alcetas,Lycaenidae,-0.041,7
201,Cupido_osiris,Lycaenidae,-0.048,6
202,Cupido_minimus,Lycaenidae,-0.062,6
203,Cupido_minimus_carswelli,Lycaenidae,-0.061,3
204,Cupido_lorquinii,Lycaenidae,-0.059,3
205,Luthrodes_galba,Lycaenidae,-0.068,9
206,Freyeria_trochylus,Lycaenidae,-0.072,8
207,Plebejus_argus,Lycaenidae,-0.049,4
208,Plebejus_idas,Lycaenidae,-0.046,5
209,Plebejus_bellieri,Lycaenidae,-0.048,3
210,Plebejus_martini,Lycaenidae,-0.038,1.5
211,Plebejus_allardi,Lycaenidae,-0.040,3
212,Plebejus_vogelii,Lycaenidae,-0.049,5
213,Plebejus_argyrognomon,Lycaenidae,-0.034,4
214,Agriades_orbitulus,Lycaenidae,-0.050,3
215,Agriades_optilete,Lycaenidae,-0.046,3
216,Agriades_pyrenaicus,Lycaenidae,-0.047,3
217,Agriades_dardanus,Lycaenidae,-0.057,4
218,Agriades_zullichi,Lycaenidae,-0.060,3
219,Agriades_glandon,Lycaenidae,-0.049,2
220,Agriades_aquilo,Lycaenidae,-0.061,3
221,Plebejidea_loewii,Lycaenidae,-0.036,3.5
222,Eumedonia_eumedon,Lycaenidae,-0.037,4
223,Kretania_psylorita,Lycaenidae,-0.055,2
224,Kretania_hesperica,Lycaenidae,-0.038,4
225,Kretania_eurypilus,Lycaenidae,-0.034,2
226,Kretania_trappi,Lycaenidae,-0.033,3
227,Kretania_sephirus,Lycaenidae,-0.033,4
228,Kretania_pylaon,Lycaenidae,-0.042,2
229,Cyaniris_semiargus,Lycaenidae,-0.038,6
230,Glabroculus_cyane,Lycaenidae,-0.035,2.5
231,Aricia_morronensis,Lycaenidae,-0.042,4
232,Aricia_anteros,Lycaenidae,-0.037,5
233,Aricia_cramera,Lycaenidae,-0.054,9.5
234,Aricia_nicias,Lycaenidae,-0.053,2
235,Aricia_artaxerxes,Lycaenidae,-0.049,4
236,Aricia_montensis,Lycaenidae,-0.042,4
237,Aricia_agestis,Lycaenidae,-0.048,7
238,Lysandra_hispana,Lycaenidae,-0.023,7
239,Lysandra_corydonius,Lycaenidae,-0.021,3
240,Lysandra_bellargus,Lycaenidae,-0.031,7
241,Lysandra_punctifera,Lycaenidae,-0.030,5.5
242,Lysandra_coridon,Lycaenidae,-0.026,3
243,Lysandra_caelestissima,Lycaenidae,-0.029634904,2
244,Lysandra_albicans,Lycaenidae,-0.012,3
245,Neolysandra_coelestina,Lycaenidae,-0.049,2
246,Polyommatus_escheri,Lycaenidae,-0.029,3
247,Polyommatus_thersites,Lycaenidae,-0.040,7
248,Polyommatus_daphnis,Lycaenidae,-0.015,3
249,Polyommatus_amandus,Lycaenidae,-0.022,3
250,Polyommatus_golgus,Lycaenidae,-0.044,2
251,Polyommatus_atlanticus,Lycaenidae,-0.035,4
252,Polyommatus_nivescens,Lycaenidae,-0.030,4
253,Polyommatus_dorylas,Lycaenidae,-0.028,4
254,Polyommatus_celina,Lycaenidae,-0.040,11
255,Polyommatus_icarus,Lycaenidae,-0.035,7
256,Polyommatus_icarus_andronicus,Lycaenidae,-0.036,2
257,Polyommatus_eros,Lycaenidae,-0.040,3
258,Polyommatus_damon,Lycaenidae,-0.033,2
259,Polyommatus_damone,Lycaenidae,-0.037,4
260,Polyommatus_damocles,Lycaenidae,-0.033,2.5
261,Polyommatus_admetus,Lycaenidae,-0.025,3
262,Polyommatus_ripartii,Lycaenidae,-0.033,4
263,Polyommatus_nephohiptamenos,Lycaenidae,-0.035,2
264,Polyommatus_iphigenia,Lycaenidae,-0.032,2.5
265,Polyommatus_violetae,Lycaenidae,-0.034,2
266,Polyommatus_fulgens,Lycaenidae,-0.032,2
267,Polyommatus_fabressei,Lycaenidae,-0.033,3
268,Polyommatus_dolus,Lycaenidae,-0.020,2
269,Polyommatus_dolus_virgilius,Lycaenidae,-0.025,2
270,Polyommatus_humedasae,Lycaenidae,-0.028,2
271,Polyommatus_orphicus,Lycaenidae,-0.028,4
272,Polyommatus_aroaniensis,Lycaenidae,-0.034,3
273,Polyommatus_timfristos,Lycaenidae,-0.026375364,1
274,Neptis_sappho,Nymphalidae,0.036,4.5
275,Neptis_rivularis,Nymphalidae,0.041,3.5
276,Limenitis_reducta,Nymphalidae,0.037,5
277,Limenitis_populi,Nymphalidae,0.115,2.5
278,Limenitis_camilla,Nymphalidae,0.064,3
279,Issoria_lathonia,Nymphalidae,0.011,7
280,Issoria_eugenia,Nymphalidae,0.001821696,2.5
281,Brenthis_hecate,Nymphalidae,0.002,3
282,Brenthis_ino,Nymphalidae,-0.008,2.5
283,Brenthis_daphne,Nymphalidae,0.023,3.5
284,Argynnis_paphia,Nymphalidae,0.094,3.5
285,Argynnis_pandora,Nymphalidae,0.109,5
286,Argynnis_laodice,Nymphalidae,0.058,2
287,Speyeria_aglaja,Nymphalidae,0.057,3.5
288,Fabriciana_elisa,Nymphalidae,0.030,3
289,Fabriciana_niobe,Nymphalidae,0.036,2.5
290,Fabriciana_adippe,Nymphalidae,0.051,3.5
291,Fabriciana_auresiana,Nymphalidae,0.048,3
292,Boloria_eunomia,Nymphalidae,-0.003,3
293,Boloria_graeca,Nymphalidae,-0.016,4
294,Boloria_pales,Nymphalidae,-0.014,3
295,Boloria_napaea,Nymphalidae,-0.006,3
296,Boloria_aquilonaris,Nymphalidae,-0.019,2
297,Boloria_alaskensis,Nymphalidae,-0.004429082,2
298,Boloria_polaris,Nymphalidae,-0.001,2.5
299,Boloria_tritonia,Nymphalidae,0.026429857,2
300,Boloria_thore,Nymphalidae,0.003,2
301,Boloria_selene,Nymphalidae,-0.004,3.5
302,Boloria_euphrosyne,Nymphalidae,-0.001,4
303,Boloria_dia,Nymphalidae,-0.022,5.5
304,Boloria_improba,Nymphalidae,-0.026,2
305,Boloria_frigga,Nymphalidae,0.001,2
306,Boloria_freija,Nymphalidae,-0.006,2.5
307,Boloria_oscarus,Nymphalidae,0.015,3
308,Boloria_selenis,Nymphalidae,-0.001,3
309,Boloria_titania,Nymphalidae,0.004,3
310,Boloria_chariclea,Nymphalidae,-0.010,1.5
311,Boloria_angarensis,Nymphalidae,-0.00369442,2.5
312,Apatura_iris,Nymphalidae,0.106,2.5
313,Apatura_metis,Nymphalidae,0.069,4
314,Apatura_ilia,Nymphalidae,0.091,4.5
315,Araschnia_levana,Nymphalidae,-0.009,5
316,Vanessa_virginiensis,Nymphalidae,0.010,10
317,Vanessa_cardui,Nymphalidae,0.055,8
318,Vanessa_vulcania,Nymphalidae,0.064,12
319,Vanessa_atalanta,Nymphalidae,0.065,8.5
320,Aglais_io,Nymphalidae,0.061,7.5
321,Aglais_urticae,Nymphalidae,0.021,7
322,Aglais_ichnusa,Nymphalidae,0.032,8
323,Polygonia_egea,Nymphalidae,0.024,8.5
324,Polygonia_c-album,Nymphalidae,0.029,6
325,Nymphalis_vaualbum,Nymphalidae,0.075,3.5
326,Nymphalis_polychloros,Nymphalidae,0.069,6.5
327,Nymphalis_xanthomelas,Nymphalidae,0.074,4.5
328,Nymphalis_antiopa,Nymphalidae,0.106,5.5
329,Hypolimnas_misippus,Nymphalidae,0.117,9
330,Euphydryas_desfontainii,Nymphalidae,0.015,3
331,Euphydryas_aurinia,Nymphalidae,-0.004,3.5
332,Euphydryas_cynthia,Nymphalidae,-0.009,3
333,Euphydryas_iduna,Nymphalidae,-0.004,2
334,Euphydryas_maturna,Nymphalidae,0.002,2.5
335,Euphydryas_intermedia,Nymphalidae,0.001,3
336,Melitaea_trivia,Nymphalidae,-0.017,5
337,Melitaea_didyma,Nymphalidae,-0.005,5.5
338,Melitaea_deserticola,Nymphalidae,0.001,3
339,Melitaea_arduinna,Nymphalidae,0.016,3.5
340,Melitaea_aetherie,Nymphalidae,0.014,2.5
341,Melitaea_phoebe,Nymphalidae,0.013,4.5
342,Melitaea_ornata,Nymphalidae,0.004,4
343,Melitaea_cinxia,Nymphalidae,-0.003,4
344,Melitaea_diamina,Nymphalidae,-0.012,3.5
345,Melitaea_celadussa,Nymphalidae,-0.009,3
346,Melitaea_deione,Nymphalidae,-0.004,4.5
347,Melitaea_britomartis,Nymphalidae,-0.027,3
348,Melitaea_aurelia,Nymphalidae,-0.032,2
349,Melitaea_athalia,Nymphalidae,-0.004,3.5
350,Melitaea_varia,Nymphalidae,-0.026,3
351,Melitaea_parthenoides,Nymphalidae,-0.019,3
352,Melitaea_asteria,Nymphalidae,-0.042,2
353,Libythea_celtis,Nymphalidae,0.006,6.5
354,Danaus_plexippus,Nymphalidae,0.171,11
355,Danaus_chrysippus,Nymphalidae,0.113,10.5
356,Charaxes_jasius,Nymphalidae,0.148,6.5
357,Coenonympha_phryne,Nymphalidae,-0.022741644,2.5
358,Coenonympha_oedippus,Nymphalidae,0.000,3
359,Coenonympha_dorus,Nymphalidae,-0.027,3
360,Coenonympha_fettigii,Nymphalidae,-0.037,3
361,Coenonympha_thyrsis,Nymphalidae,-0.039,5
362,Coenonympha_pamphilus,Nymphalidae,-0.041,7
363,Coenonympha_tullia,Nymphalidae,-0.017,2
364,Coenonympha_amaryllis,Nymphalidae,-0.032461424,3.5
365,Coenonympha_rhodopensis,Nymphalidae,-0.026,2.5
366,Coenonympha_glycerion,Nymphalidae,-0.024,3
367,Coenonympha_corinna,Nymphalidae,-0.039,4.5
368,Coenonympha_corinna_elbana,Nymphalidae,-0.052,5
369,Coenonympha_leander,Nymphalidae,-0.023,3.5
370,Coenonympha_hero,Nymphalidae,-0.029,3.5
371,Coenonympha_gardetta,Nymphalidae,-0.030,4
372,Coenonympha_gardetta_darwiniana,Nymphalidae,-0.026,3
373,Coenonympha_orientalis,Nymphalidae,-0.031,3
374,Coenonympha_arcania,Nymphalidae,-0.016,3.5
375,Coenonympha_arcanioides,Nymphalidae,-0.034,6
376,Coenonympha_vaucheri,Nymphalidae,-0.027,3.5
377,Kirinia_roxelana,Nymphalidae,0.068,6.5
378,Kirinia_climene,Nymphalidae,0.021,2.5
379,Lopinga_achine,Nymphalidae,0.026,2.5
380,Pararge_xiphia,Nymphalidae,0.039,12
381,Pararge_xiphioides,Nymphalidae,0.006,12
382,Pararge_aegeria,Nymphalidae,0.008,7
383,Lasiommata_maera,Nymphalidae,0.027,6
384,Lasiommata_deidamia,Nymphalidae,0.027127771,3
385,Lasiommata_meadewaldoi,Nymphalidae,0.037,4
386,Lasiommata_petropolitana,Nymphalidae,0.001,3.5
387,Lasiommata_paramegaera,Nymphalidae,-0.004,6
388,Lasiommata_megera,Nymphalidae,0.013,6.5
389,Melanargia_russiae,Nymphalidae,0.051,3
390,Melanargia_lucasi,Nymphalidae,0.033,3.5
391,Melanargia_larissa,Nymphalidae,0.052,4
392,Melanargia_lachesis,Nymphalidae,0.041,2.5
393,Melanargia_galathea,Nymphalidae,0.031,3.5
394,Melanargia_ines,Nymphalidae,0.030,4
395,Melanargia_arge,Nymphalidae,0.034,2
396,Melanargia_pherusa,Nymphalidae,0.034,2.5
397,Melanargia_occitanica,Nymphalidae,0.039,2.5
398,Hipparchia_fatua,Nymphalidae,0.064,6.5
399,Hipparchia_statilinus,Nymphalidae,0.030,5
400,Hipparchia_tilosi,Nymphalidae,0.065,3
401,Hipparchia_ellena,Nymphalidae,0.068,3
402,Hipparchia_bacchus,Nymphalidae,0.074,2
403,Hipparchia_wyssii,Nymphalidae,0.059,3
404,Hipparchia_tamadabae,Nymphalidae,0.055,6
405,Hipparchia_gomera,Nymphalidae,0.068,5
406,Hipparchia_fidia,Nymphalidae,0.066,3.5
407,Hipparchia_powelli,Nymphalidae,0.017,3
408,Hipparchia_hansii,Nymphalidae,0.024,4
409,Hipparchia_neomiris,Nymphalidae,0.025,3
410,Hipparchia_autonoe,Nymphalidae,0.060,2
411,Hipparchia_hermione,Nymphalidae,0.074,2
412,Hipparchia_caroli,Nymphalidae,0.055,5
413,Hipparchia_genava,Nymphalidae,0.074,3
414,Hipparchia_syriaca,Nymphalidae,0.080,5.5
415,Hipparchia_fagi,Nymphalidae,0.095,4.5
416,Hipparchia_mersina,Nymphalidae,0.040,4.5
417,Hipparchia_miguelensis,Nymphalidae,0.008,4
418,Hipparchia_azorina,Nymphalidae,0.005,5
419,Hipparchia_azorina_occidentalis,Nymphalidae,0.002,4
420,Hipparchia_senthes,Nymphalidae,0.025,7
421,Hipparchia_maderensis,Nymphalidae,0.022,3
422,Hipparchia_semele,Nymphalidae,0.036,3.5
423,Hipparchia_blachieri,Nymphalidae,0.042,4.5
424,Hipparchia_aristaeus,Nymphalidae,0.041,4.5
425,Hipparchia_algirica,Nymphalidae,0.043,3
426,Hipparchia_volgensis,Nymphalidae,0.031,4
427,Hipparchia_neapolitana,Nymphalidae,0.048,3
428,Hipparchia_leighebi,Nymphalidae,0.047,4
429,Hipparchia_pellucida,Nymphalidae,0.022,4
430,Hipparchia_sbordonii,Nymphalidae,0.054,2
431,Hipparchia_cypriensis,Nymphalidae,0.063,9
432,Hipparchia_cretica,Nymphalidae,0.059,5.5
433,Hipparchia_christenseni,Nymphalidae,0.050,2
434,Berberia_abdelkader,Nymphalidae,0.100,6
435,Berberia_lambessanus,Nymphalidae,0.076,8
436,Minois_dryas,Nymphalidae,0.066,3
437,Brintesia_circe,Nymphalidae,0.109,4.5
438,Arethusana_arethusa,Nymphalidae,0.014,4
439,Oeneis_tarpeia,Nymphalidae,0.025514531,2.5
440,Oeneis_bore,Nymphalidae,0.010,1.5
441,Oeneis_ammon,Nymphalidae,0.012760491,2
442,Oeneis_melissa,Nymphalidae,0.022962967,1.5
443,Oeneis_jutta,Nymphalidae,0.058,2.5
444,Oeneis_magna,Nymphalidae,0.047955108,2.5
445,Oeneis_norna,Nymphalidae,0.041,2
446,Oeneis_polixenes,Nymphalidae,0.016271562,2
447,Oeneis_glacialis,Nymphalidae,0.052,3
448,Satyrus_ferula,Nymphalidae,0.051,4
449,Satyrus_actaea,Nymphalidae,0.046,3
450,Satyrus_virbius,Nymphalidae,0.058869819,2.5
451,Chazara_briseis,Nymphalidae,0.053,4
452,Chazara_prieuri,Nymphalidae,0.067,2
453,Chazara_persephone,Nymphalidae,0.053,4
454,Pseudochazara_geyeri,Nymphalidae,0.028,2
455,Pseudochazara_graeca,Nymphalidae,0.044,3
456,Pseudochazara_atlantis,Nymphalidae,0.042,3
457,Pseudochazara_amymone,Nymphalidae,0.040,2.5
458,Pseudochazara_anthelea,Nymphalidae,0.032,4
459,Pseudochazara_amalthea,Nymphalidae,0.037303642,5
460,Pseudochazara_mamurra,Nymphalidae,0.052,1
461,Pseudochazara_williamsi,Nymphalidae,0.039,3
462,Pseudochazara_euxina,Nymphalidae,0.066,3
463,Pseudochazara_mercurius,Nymphalidae,0.029,2
464,Pseudochazara_cingovskii,Nymphalidae,0.049,2
465,Pseudochazara_orestes,Nymphalidae,0.058,3
466,Pseudochazara_tisiphone,Nymphalidae,0.038584347,4
467,Pseudochazara_mniszechii,Nymphalidae,0.054,2
468,Ypthima_asterope,Nymphalidae,-0.031,7.5
469,Proterebia_phegea,Nymphalidae,0.025,2.5
470,Hyponephele_maroccana,Nymphalidae,-0.006,3
471,Hyponephele_huebneri,Nymphalidae,-0.006126739,2
472,Hyponephele_lycaon,Nymphalidae,0.000,3.5
473,Hyponephele_lupina,Nymphalidae,0.018,4.5
474,Aphantopus_hyperantus,Nymphalidae,0.004,3
475,Pyronia_cecilia,Nymphalidae,-0.024,3.5
476,Pyronia_tithonus,Nymphalidae,-0.007,3.5
477,Pyronia_bathseba,Nymphalidae,-0.002,4.5
478,Pyronia_janiroides,Nymphalidae,0.014,3
479,Maniola_jurtina,Nymphalidae,0.022,5
480,Maniola_nurag,Nymphalidae,-0.007,3.5
481,Maniola_chia,Nymphalidae,0.023,5
482,Maniola_megala,Nymphalidae,0.026,3.5
483,Maniola_cypricola,Nymphalidae,0.000,4
484,Maniola_telmessia,Nymphalidae,0.007,7.5
485,Maniola_halicarnassus,Nymphalidae,0.024,3
486,Erebia_edda,Nymphalidae,0.028742557,2.5
487,Erebia_fasciata,Nymphalidae,0.028025078,2
488,Erebia_discoidalis,Nymphalidae,0.022959289,2.5
489,Erebia_rossii,Nymphalidae,0.02817459,1.5
490,Erebia_cyclopius,Nymphalidae,0.042746943,2.5
491,Erebia_embla,Nymphalidae,0.025,2
492,Erebia_disa,Nymphalidae,0.026,2
493,Erebia_jeniseiensis,Nymphalidae,0.002934423,1
494,Erebia_dabanensis,Nymphalidae,0.002063073,2.5
495,Erebia_meolans,Nymphalidae,0.013,3.5
496,Erebia_claudina,Nymphalidae,-0.017,3
497,Erebia_manto,Nymphalidae,0.000,3
498,Erebia_ottomana,Nymphalidae,-0.006,3.5
499,Erebia_hispania,Nymphalidae,-0.002,2.5
500,Erebia_callias,Nymphalidae,-9.55E-03,3.5
501,Erebia_rondoui,Nymphalidae,-0.012,2
502,Erebia_tyndarus,Nymphalidae,-0.017,3
503,Erebia_arvernensis,Nymphalidae,-0.008912732,4
504,Erebia_cassioides,Nymphalidae,-0.016,3
505,Erebia_neleus,Nymphalidae,4.71E-05,3
506,Erebia_nivalis,Nymphalidae,-0.026,1.5
507,Erebia_calcarius,Nymphalidae,-0.012,3
508,Erebia_oeme,Nymphalidae,0.002,3
509,Erebia_gorge,Nymphalidae,-0.010,3
510,Erebia_sthennyo,Nymphalidae,0.005,2.5
511,Erebia_pandrose,Nymphalidae,0.009,2.5
512,Erebia_eriphyle,Nymphalidae,-0.015,3
513,Erebia_epistygne,Nymphalidae,0.023,3
514,Erebia_euryale,Nymphalidae,0.008,3
515,Erebia_palarica,Nymphalidae,0.056,3
516,Erebia_ligea,Nymphalidae,0.020,3
517,Erebia_pluto,Nymphalidae,0.016,2.5
518,Erebia_aethiopellus,Nymphalidae,-0.009,2
519,Erebia_gorgone,Nymphalidae,0.002,2
520,Erebia_rhodopensis,Nymphalidae,-0.005,1.5
521,Erebia_mnestra,Nymphalidae,-0.009,2
522,Erebia_albergana,Nymphalidae,0.005,3
523,Erebia_sudetica,Nymphalidae,-0.031,2.5
524,Erebia_melampus,Nymphalidae,-0.025,3
525,Erebia_triarius,Nymphalidae,0.021,4
526,Erebia_polaris,Nymphalidae,-0.001,1.5
527,Erebia_medusa,Nymphalidae,0.002,3.5
528,Erebia_aethiops,Nymphalidae,0.022,3.5
529,Erebia_pharte,Nymphalidae,-0.015,2
530,Erebia_christi,Nymphalidae,-0.009,2.5
531,Erebia_orientalis,Nymphalidae,-0.009,2.5
532,Erebia_epiphron,Nymphalidae,-0.011,2.5
533,Erebia_flavofasciata,Nymphalidae,-0.022,3
534,Erebia_montana,Nymphalidae,0.021,3
535,Erebia_styx,Nymphalidae,0.030,3
536,Erebia_stiria,Nymphalidae,0.022,3
537,Erebia_scipio,Nymphalidae,0.025,2
538,Erebia_pronoe,Nymphalidae,0.018,3.5
539,Erebia_melas,Nymphalidae,0.016,3.5
540,Erebia_lefebvrei,Nymphalidae,0.012,3
541,Erebia_zapateri,Nymphalidae,-0.002,3.5
542,Erebia_neoridas,Nymphalidae,0.002,2.5